Id,MSSubClass,MSZoning,LotFrontage,LotArea,Street,Alley,LotShape,LandContour,Utilities,LotConfig,LandSlope,Neighborhood,Condition1,Condition2,BldgType,HouseStyle,OverallQual,OverallCond,YearBuilt,YearRemodAdd,RoofStyle,RoofMatl,Exterior1st,Exterior2nd,MasVnrType,MasVnrArea,ExterQual,ExterCond,Foundation,BsmtQual,BsmtCond,BsmtExposure,BsmtFinType1,BsmtFinSF1,BsmtFinType2,BsmtFinSF2,BsmtUnfSF,TotalBsmtSF,Heating,HeatingQC,CentralAir,Electrical,1stFlrSF,2ndFlrSF,LowQualFinSF,GrLivArea,BsmtFullBath,BsmtHalfBath,FullBath,HalfBath,BedroomAbvGr,KitchenAbvGr,KitchenQual,TotRmsAbvGrd,Functional,Fireplaces,FireplaceQu,GarageType,GarageYrBlt,GarageFinish,GarageCars,GarageArea,GarageQual,GarageCond,PavedDrive,WoodDeckSF,OpenPorchSF,EnclosedPorch,3SsnPorch,ScreenPorch,PoolArea,PoolQC,Fence,MiscFeature,MiscVal,MoSold,YrSold,SaleType,SaleCondition,SalePrice
1094,80,RL,108.0,9230,Pave,Pave,IR1,HLS,AllPub,Corner,Gtl,Blueste,RRAn,Norm,1Fam,SLvl,9,8,1985,1985,Gambrel,WdShngl,CemntBd,Other,Stone,166.0,Ex,TA,PConc,Ex,TA,Gd,GLQ,661,GLQ,634,1393,1393,GasW,Ex,Y,SBrkr,1482,1177,360,2599,1,1,2,1,4,1,Ex,10,Min1,1,Gd,BuiltIn,2010.0,Fin,3,884,Ex,Gd,P,668,95,224,162,155,0,,MnWw,Shed,2000,12,2009,New,Partial,333168
1314,80,RL,118.0,14774,Pave,Grvl,IR1,Lvl,AllPub,Corner,Gtl,NridgHt,Artery,Norm,1Fam,SLvl,9,8,1993,2010,Gambrel,CompShg,CemntBd,CmentBd,Stone,165.0,Ex,Gd,PConc,Ex,TA,Gd,GLQ,871,BLQ,177,82,2223,GasA,Ex,Y,SBrkr,2223,780,572,2262,1,1,2,1,4,1,Ex,10,Min1,1,Gd,BuiltIn,2010.0,Fin,3,749,Gd,TA,Y,468,81,240,407,198,0,,MnWw,Shed,500,9,2009,New,Partial,305000
620,80,RL,103.0,12244,Pave,Grvl,IR1,Lvl,AllPub,Corner,Gtl,NridgHt,Artery,Norm,1Fam,SLvl,9,8,1993,2010,Mansard,CompShg,VinylSd,VinylSd,Stone,226.0,Ex,Gd,PConc,Ex,TA,Gd,GLQ,1880,BLQ,117,1541,868,GasA,Ex,Y,SBrkr,1146,1215,0,2223,1,1,2,1,4,1,Ex,8,Typ,1,Gd,BuiltIn,1924.0,Fin,3,843,Gd,TA,Y,84,81,275,180,122,0,,MnWw,Shed,480,12,2008,New,Partial,244000
71,85,RL,101.0,13651,Pave,Grvl,IR1,Lvl,AllPub,Inside,Gtl,NridgHt,Artery,Norm,1Fam,SLvl,9,8,1928,2010,Hip,CompShg,VinylSd,BrkFace,Stone,1115.0,Ex,TA,PConc,Ex,TA,Gd,GLQ,1646,BLQ,193,397,1930,GasA,Ex,Y,SBrkr,1541,850,0,1146,1,1,2,1,4,1,Ex,8,Typ,1,Gd,BuiltIn,1948.0,Fin,3,833,TA,TA,Y,416,16,156,196,273,0,,MnWw,Shed,700,12,2009,New,Partial,395192
732,85,RL,,9590,Pave,Grvl,IR1,Lvl,AllPub,Inside,Gtl,NridgHt,Artery,Norm,1Fam,SLvl,9,9,1995,1988,Hip,CompShg,VinylSd,VinylSd,Stone,442.0,Ex,TA,PConc,Ex,TA,Gd,GLQ,380,BLQ,28,398,1541,GasA,Ex,Y,SBrkr,1065,653,0,1940,1,0,2,1,4,1,Ex,9,Min2,1,Gd,BuiltIn,1993.0,Fin,3,701,TA,TA,Y,64,52,242,0,119,0,,GdPrv,Shed,600,9,2008,New,Partial,175900
988,80,RL,44.0,10159,Pave,Pave,IR1,Lvl,AllPub,Corner,Gtl,NoRidge,RRAn,Norm,1Fam,2Story,9,5,1993,1993,Hip,CompShg,CemntBd,VinylSd,Stone,450.0,Ex,TA,PConc,Ex,TA,Gd,GLQ,988,GLQ,117,422,1386,GasA,Ex,Y,SBrkr,1569,800,0,1541,1,0,2,1,4,1,Ex,8,Typ,1,Gd,BuiltIn,2010.0,Fin,3,458,TA,TA,Y,305,110,230,0,189,0,,MnWw,Shed,1150,9,2009,New,Partial,238000
303,60,RL,93.0,13704,Pave,Pave,IR1,Lvl,AllPub,Inside,Gtl,NoRidge,Artery,Norm,1Fam,2Story,9,5,2010,1966,Hip,CompShg,BrkFace,VinylSd,Stone,150.0,Ex,TA,PConc,Ex,TA,Gd,GLQ,48,Unf,612,1048,1104,GasA,Ex,Y,SBrkr,2196,564,0,1911,1,0,2,1,4,1,Ex,8,Typ,1,Gd,BuiltIn,1993.0,Fin,3,758,TA,TA,Y,241,189,192,0,198,0,,MnPrv,Shed,2500,9,2008,New,Partial,265900
507,60,RL,104.0,9554,Pave,Pave,IR1,Lvl,AllPub,Inside,Gtl,NridgHt,RRAn,Norm,1Fam,2Story,9,5,1993,1999,Hip,CompShg,VinylSd,VinylSd,Stone,130.0,Ex,TA,PConc,Ex,TA,Gd,GLQ,485,Unf,117,1258,1476,GasA,Ex,Y,SBrkr,1127,1122,0,1569,1,0,2,1,4,1,Ex,10,Typ,1,Gd,BuiltIn,1925.0,Fin,3,296,TA,TA,Y,416,53,84,0,480,0,,GdPrv,Shed,400,8,2007,New,Partial,271900
1416,60,RL,107.0,3635,Pave,Pave,IR1,Lvl,AllPub,Inside,Gtl,NridgHt,Norm,Norm,1Fam,2Story,9,5,1966,1993,Mansard,CompShg,VinylSd,CmentBd,Stone,32.0,Ex,TA,PConc,Ex,TA,Gd,GLQ,1040,Unf,539,352,1258,GasA,Ex,Y,SBrkr,1563,1362,0,2127,1,0,2,1,4,1,Ex,8,Typ,1,Gd,Basment,2008.0,Fin,3,530,TA,TA,Y,468,144,386,0,120,0,,MnPrv,Shed,600,12,2007,New,Partial,245000
919,60,RL,118.0,13125,Pave,Grvl,IR1,Lvl,AllPub,Corner,Gtl,NoRidge,Norm,Norm,1Fam,2Story,9,5,1964,1980,Hip,CompShg,VinylSd,VinylSd,Stone,234.0,Ex,Gd,PConc,Ex,TA,Gd,GLQ,33,Unf,208,374,2158,GasA,Ex,Y,SBrkr,1431,755,0,2196,1,0,2,1,4,1,Ex,8,Typ,1,Gd,Attchd,1966.0,Fin,3,772,TA,TA,Y,160,84,112,0,204,0,,GdPrv,Shed,500,8,2009,New,Partial,138500
1240,120,RL,53.0,9037,Pave,Grvl,IR1,Lvl,AllPub,Inside,Gtl,NridgHt,Norm,Norm,1Fam,2Story,9,5,1964,1981,Hip,CompShg,VinylSd,VinylSd,Stone,387.0,Ex,TA,PConc,Ex,TA,Gd,GLQ,371,Unf,117,1530,1563,GasA,Ex,Y,SBrkr,1168,1053,0,1977,1,0,2,1,4,1,Ex,11,Typ,1,Gd,Attchd,1993.0,Fin,3,482,TA,TA,Y,324,144,224,0,189,0,,MnPrv,Shed,2000,8,2007,New,Partial,164000
444,60,RL,53.0,3922,Pave,,IR1,Lvl,AllPub,Inside,Gtl,Timber,Norm,Norm,1Fam,2Story,8,5,2008,2009,Hip,CompShg,VinylSd,VinylSd,Stone,272.0,Ex,TA,PConc,Ex,TA,Gd,GLQ,364,Unf,1474,500,1099,GasA,Ex,Y,SBrkr,1082,846,0,1563,1,0,2,1,4,1,Ex,10,Typ,1,Gd,Attchd,1948.0,Fin,3,712,TA,TA,Y,668,84,112,0,266,0,,MnPrv,Shed,400,8,2007,New,Partial,172000
1206,60,RL,108.0,14684,Pave,,IR1,Lvl,AllPub,Corner,Gtl,Timber,Norm,Norm,1Fam,2Story,9,5,1966,1980,Hip,CompShg,VinylSd,VinylSd,Stone,468.0,Ex,TA,PConc,Ex,TA,Gd,GLQ,622,Unf,539,29,1122,GasA,Ex,Y,SBrkr,1704,975,0,1431,1,0,2,1,4,1,Ex,8,Typ,1,Gd,Attchd,2008.0,Fin,3,1052,TA,TA,Y,161,81,112,0,192,0,,MnPrv,Shed,400,2,2007,New,Partial,119200
831,60,RL,98.0,11900,Pave,Grvl,IR1,Lvl,AllPub,Inside,Gtl,NridgHt,Norm,Norm,1Fam,2Story,9,5,1993,1968,Hip,CompShg,CemntBd,VinylSd,Stone,305.0,Ex,TA,PConc,Ex,TA,Gd,GLQ,562,Unf,290,746,1082,GasA,Ex,Y,SBrkr,720,1312,0,1646,1,0,2,1,4,1,Ex,9,Typ,1,Gd,Attchd,1993.0,Fin,3,541,TA,TA,Y,340,16,112,0,410,0,,MnPrv,Shed,400,2,2010,New,Partial,306000
1053,60,RL,69.0,9150,Pave,,IR1,Lvl,AllPub,FR3,Gtl,NoRidge,Norm,Norm,1Fam,2Story,8,5,1964,2009,Hip,CompShg,VinylSd,VinylSd,Stone,125.0,Ex,TA,PConc,Ex,TA,Gd,GLQ,1373,Unf,147,486,1704,GasA,Ex,Y,SBrkr,1646,1194,0,1981,1,0,2,1,4,1,Ex,8,Typ,1,Gd,Attchd,2009.0,Fin,3,476,TA,TA,Y,60,10,68,0,273,0,,GdPrv,Shed,2000,8,2009,New,Partial,118400
83,60,RL,128.0,7128,Pave,,IR1,Lvl,AllPub,Inside,Gtl,NoRidge,Norm,Norm,1Fam,2Story,8,5,1980,1968,Hip,CompShg,BrkFace,CmentBd,BrkFace,206.0,Ex,TA,PConc,Ex,TA,Gd,GLQ,1032,Unf,972,408,1594,GasA,Ex,Y,SBrkr,1466,1177,0,1968,1,0,2,1,4,1,Ex,8,Typ,1,Gd,Attchd,1941.0,Fin,3,712,TA,TA,Y,228,67,386,0,120,0,,MnPrv,Shed,620,2,2009,New,Partial,424870
368,60,RL,,7804,Pave,,IR1,Lvl,AllPub,Inside,Gtl,NoRidge,Norm,Norm,1Fam,2Story,8,8,1980,1980,Hip,CompShg,VinylSd,VinylSd,Stone,200.0,Gd,Gd,PConc,Ex,TA,Gd,GLQ,1150,Unf,362,1012,1463,GasA,Ex,Y,SBrkr,1153,564,0,1082,1,0,2,1,4,1,Ex,12,Typ,1,Gd,Attchd,1941.0,Fin,3,478,TA,TA,Y,172,148,68,0,163,0,,GdPrv,,450,8,2010,COD,Partial,222500
699,60,RL,69.0,11075,Pave,,IR1,Lvl,AllPub,Inside,Gtl,NridgHt,Norm,Norm,1Fam,2Story,8,5,2008,1966,Hip,CompShg,VinylSd,VinylSd,Stone,174.0,Gd,TA,PConc,Ex,Gd,Gd,GLQ,252,Unf,287,221,1466,GasA,Ex,Y,SBrkr,977,1336,0,1704,1,0,2,1,4,1,Ex,8,Typ,1,Gd,Attchd,2008.0,Fin,3,836,TA,TA,Y,165,46,194,0,120,0,,MnPrv,,0,12,2008,New,Partial,150000
853,120,RL,107.0,11664,Pave,,IR1,Lvl,AllPub,Inside,Gtl,NridgHt,Norm,Norm,1Fam,2Story,8,5,1980,1981,Hip,CompShg,VinylSd,ImStucc,BrkFace,362.0,Gd,TA,PConc,Ex,TA,Gd,GLQ,567,Unf,163,901,1153,GasA,Ex,Y,SBrkr,1053,1274,0,1284,1,0,2,1,4,1,Ex,8,Typ,1,Gd,Attchd,1966.0,Fin,3,866,TA,TA,Y,232,84,154,0,122,0,,MnPrv,,0,8,2008,New,Normal,207000
1131,60,RL,44.0,11478,Pave,,IR1,Lvl,AllPub,Inside,Gtl,NridgHt,Norm,Norm,1Fam,2Story,8,5,2008,2010,Hip,CompShg,CemntBd,VinylSd,BrkFace,202.0,Gd,TA,PConc,Ex,TA,Av,GLQ,762,Unf,0,741,741,GasA,Ex,Y,SBrkr,1358,1092,0,1012,1,0,2,1,4,1,Ex,9,Typ,1,TA,Attchd,1993.0,Fin,3,843,TA,TA,Y,283,148,240,0,0,0,,GdPrv,,0,9,2009,New,Normal,283463
954,60,RL,,3500,Pave,,IR1,Lvl,AllPub,Corner,Gtl,NridgHt,Norm,Norm,1Fam,2Story,8,5,1947,1993,Hip,CompShg,HdBoard,VinylSd,BrkFace,85.0,Gd,TA,PConc,Ex,TA,Mn,GLQ,720,Unf,0,413,1358,GasA,Ex,Y,SBrkr,1392,918,0,1646,1,0,2,1,4,1,Ex,6,Typ,1,TA,Attchd,1983.0,Fin,3,556,TA,TA,Y,239,154,40,0,0,0,,MnWw,,0,8,2007,New,Normal,138500
1015,60,RL,61.0,8263,Pave,,IR1,Lvl,AllPub,Corner,Gtl,NridgHt,Norm,Norm,1Fam,2Story,9,8,2008,2007,Hip,CompShg,VinylSd,CmentBd,Stone,146.0,Gd,TA,PConc,Ex,TA,Gd,GLQ,80,Unf,0,102,1732,GasA,Ex,Y,SBrkr,1776,734,0,2622,1,0,2,1,4,1,Ex,6,Typ,1,TA,Attchd,2007.0,Fin,3,666,TA,TA,Y,160,169,39,0,0,0,,MnPrv,,0,8,2007,COD,Normal,148000
28,60,RL,56.0,3842,Pave,,Reg,Lvl,AllPub,Inside,Gtl,StoneBr,Artery,Norm,1Fam,2Story,8,5,2009,1973,Hip,CompShg,VinylSd,VinylSd,BrkFace,100.0,Gd,TA,PConc,Ex,TA,Av,GLQ,644,LwQ,0,638,1193,GasA,Ex,Y,SBrkr,1523,1092,0,2828,1,0,2,1,4,1,Ex,6,Typ,1,TA,Attchd,2007.0,Fin,3,648,TA,TA,Y,171,63,112,0,0,0,,MnPrv,,0,9,2010,New,Normal,372402
205,120,RL,90.0,12256,Pave,,Reg,Lvl,AllPub,Inside,Gtl,NridgHt,Norm,Norm,1Fam,2Story,8,5,1980,1968,Hip,CompShg,HdBoard,VinylSd,Stone,160.0,Gd,TA,PConc,Ex,TA,No,GLQ,704,Unf,0,1392,1271,GasA,Ex,Y,SBrkr,1601,1093,0,1732,1,0,2,1,1,1,Ex,9,Typ,1,Gd,Attchd,1981.0,Fin,3,884,TA,TA,Y,320,86,0,0,0,0,,MnPrv,,0,12,2007,WD,Normal,205000
1121,80,RL,69.0,9965,Pave,,Reg,Lvl,AllPub,Inside,Gtl,Blmngtn,Norm,Norm,1Fam,2Story,10,5,2006,1991,Hip,CompShg,CemntBd,CmentBd,BrkFace,206.0,Gd,TA,PConc,Ex,TA,Gd,GLQ,553,Unf,0,1652,1145,GasA,Ex,Y,SBrkr,1145,743,0,1053,1,0,2,1,3,1,Ex,6,Typ,1,Gd,Attchd,2006.0,Fin,3,680,TA,TA,Y,234,42,0,0,0,0,,MnWw,Shed,0,2,2010,WD,Normal,277500
1406,60,RL,88.0,11404,Pave,,IR1,Lvl,AllPub,FR2,Gtl,Timber,Norm,Norm,TwnhsE,2Story,8,5,2006,1994,Hip,CompShg,VinylSd,VinylSd,BrkFace,350.0,Gd,TA,PConc,Ex,TA,Gd,GLQ,899,Unf,0,549,1109,GasA,Ex,Y,SBrkr,1155,708,0,1358,1,0,2,1,4,1,Ex,6,Typ,1,Ex,Attchd,1993.0,RFn,3,301,TA,TA,Y,113,33,0,0,0,0,,MnPrv,,450,12,2010,WD,Normal,172500
1106,120,RL,98.0,9206,Pave,,Reg,Lvl,AllPub,Inside,Gtl,NridgHt,Norm,Norm,1Fam,2Story,8,5,1966,2010,Hip,CompShg,HdBoard,HdBoard,Stone,436.0,Gd,TA,PConc,Ex,TA,Mn,GLQ,1400,Unf,0,567,1710,GasA,Ex,Y,SBrkr,1710,790,0,1523,1,0,2,1,3,1,Gd,6,Typ,1,Gd,Attchd,1950.0,RFn,4,908,TA,TA,Y,206,62,0,0,0,0,,MnPrv,,0,8,2008,WD,Normal,361919
1143,60,RL,69.0,8973,Pave,,IR1,Lvl,AllPub,Inside,Gtl,Blmngtn,Norm,Norm,1Fam,2Story,8,5,2006,1988,Hip,CompShg,HdBoard,HdBoard,BrkFace,150.0,Gd,TA,PConc,Ex,TA,No,GLQ,1153,Unf,0,224,1541,GasA,Ex,Y,SBrkr,1541,878,0,1601,1,0,2,1,3,1,Gd,9,Typ,1,Gd,Attchd,2007.0,Fin,3,656,TA,TA,Y,181,35,123,0,126,0,,GdPrv,,0,5,2009,WD,Partial,269500
733,120,RL,47.0,13350,Pave,Pave,Reg,Lvl,AllPub,Inside,Gtl,Blmngtn,Norm,Norm,1Fam,1Story,8,5,1981,2008,Mansard,CompShg,VinylSd,VinylSd,BrkFace,1600.0,Gd,TA,PConc,Ex,TA,No,GLQ,649,Unf,40,210,1561,GasA,Ex,Y,SBrkr,1561,1185,0,2198,1,0,2,1,4,1,Gd,6,Typ,1,Gd,Attchd,2008.0,Fin,3,820,TA,TA,Y,33,16,0,0,0,0,,MnPrv,,0,4,2007,WD,Normal,333168
102,120,RL,105.0,8198,Pave,,IR1,Lvl,AllPub,Inside,Gtl,Blmngtn,Norm,Norm,1Fam,1Story,8,5,1904,2009,Hip,CompShg,HdBoard,HdBoard,BrkFace,72.0,Gd,TA,PConc,Ex,TA,No,GLQ,895,Unf,0,1541,1258,GasA,Ex,Y,SBrkr,1258,665,0,1155,1,0,2,1,4,1,Ex,6,Typ,1,TA,Attchd,1980.0,Fin,3,505,TA,TA,Y,414,30,0,0,0,0,,GdPrv,,0,5,2010,WD,Normal,157900
130,60,RL,98.0,13560,Pave,,Reg,Lvl,AllPub,Inside,Gtl,NridgHt,Norm,Norm,1Fam,1Story,9,8,2006,2007,Hip,CompShg,VinylSd,VinylSd,BrkFace,466.0,Gd,Gd,PConc,Ex,TA,Av,GLQ,661,Unf,0,408,774,GasA,Ex,Y,SBrkr,975,831,0,1710,1,0,2,1,3,1,Gd,6,Typ,1,Gd,Attchd,1973.0,RFn,3,983,TA,TA,Y,250,22,0,0,0,0,,MnPrv,,0,5,2007,New,Normal,122900
778,120,RL,98.0,15306,Pave,,Reg,Lvl,AllPub,Corner,Gtl,NridgHt,Norm,Norm,1Fam,1Story,9,5,1961,1964,Hip,CompShg,HdBoard,HdBoard,BrkFace,166.0,Gd,TA,PConc,Ex,TA,No,GLQ,312,Unf,0,1258,1393,GasA,Ex,Y,SBrkr,1264,1370,0,1541,1,0,2,1,3,1,Gd,6,Typ,1,TA,Attchd,1948.0,Fin,4,866,TA,TA,Y,250,129,0,0,0,0,,GdPrv,,0,5,2009,WD,Normal,336000
334,80,RL,82.0,11361,Pave,,Reg,Lvl,AllPub,Inside,Gtl,NridgHt,Norm,Norm,1Fam,2Story,10,5,2006,2008,Hip,CompShg,HdBoard,HdBoard,Stone,165.0,Gd,TA,PConc,Ex,TA,No,GLQ,608,Unf,0,326,720,GasA,Ex,Y,SBrkr,1422,904,0,1561,1,0,2,1,3,1,Gd,8,Typ,1,Gd,Attchd,1973.0,Fin,3,860,TA,TA,Y,115,116,0,0,0,0,,MnPrv,,0,8,2008,WD,Partial,255500
663,60,RL,,11880,Pave,,IR1,Lvl,AllPub,Inside,Gtl,Timber,Norm,Norm,TwnhsE,SLvl,8,5,1999,1991,Hip,CompShg,VinylSd,VinylSd,BrkFace,243.0,Gd,TA,PConc,Ex,TA,Av,GLQ,81,Unf,0,197,716,GasA,Ex,Y,SBrkr,720,1040,0,1950,1,0,2,1,3,1,Gd,6,Typ,1,Gd,Attchd,1980.0,Fin,3,541,TA,TA,Y,156,84,0,162,0,0,,GdPrv,,0,1,2007,COD,Normal,611657
1348,120,RL,82.0,8450,Pave,,Reg,Lvl,AllPub,Inside,Gtl,Timber,Norm,Norm,1Fam,1Story,9,5,1880,1999,Hip,CompShg,HdBoard,HdBoard,Stone,237.0,Gd,TA,PConc,Ex,TA,Av,GLQ,854,Unf,0,343,1319,GasA,Ex,Y,SBrkr,716,769,0,2576,1,0,2,1,3,1,Gd,6,Typ,1,TA,Attchd,1983.0,RFn,3,666,TA,TA,Y,180,39,0,0,192,0,,MnPrv,,0,7,2007,WD,Normal,276000
1056,60,RL,104.0,14260,Pave,,Reg,Lvl,AllPub,Corner,Gtl,NridgHt,Norm,PosN,1Fam,1Story,8,5,1996,2009,Hip,CompShg,VinylSd,VinylSd,BrkFace,975.0,Gd,TA,PConc,Ex,TA,No,GLQ,987,Unf,0,203,1442,GasA,Ex,Y,SBrkr,1537,780,0,1968,1,0,2,1,3,1,Gd,9,Typ,1,TA,Attchd,2010.0,RFn,3,478,TA,TA,Y,250,78,0,0,0,0,,MnPrv,,0,5,2008,WD,Normal,149500
1100,60,RL,80.0,11782,Pave,Grvl,IR1,Lvl,AllPub,Inside,Gtl,StoneBr,Norm,Norm,1Fam,2Story,8,8,1892,2007,Hip,CompShg,CemntBd,CmentBd,BrkFace,250.0,Gd,TA,PConc,Ex,TA,Mn,GLQ,2188,Unf,0,774,1225,GasA,Ex,Y,SBrkr,1717,677,0,2599,1,0,2,1,3,1,Gd,6,Typ,1,TA,Attchd,2007.0,RFn,3,812,TA,TA,Y,239,10,0,0,0,0,,MnPrv,,0,2,2010,WD,Normal,201800
699,120,RL,98.0,13891,Pave,,Reg,Lvl,AllPub,Inside,Gtl,NoRidge,Artery,Norm,1Fam,2Story,8,5,1991,1990,Hip,CompShg,VinylSd,VinylSd,Stone,256.0,Gd,TA,PConc,Ex,TA,No,GLQ,1024,Unf,0,1393,1709,GasA,Ex,Y,SBrkr,1372,630,0,1284,1,0,2,1,3,1,Gd,6,Typ,1,Po,Attchd,2009.0,RFn,3,430,TA,TA,Y,519,33,0,0,0,0,,MnPrv,,0,12,2010,New,Normal,276000
5,120,RL,80.0,13704,Pave,,Reg,Lvl,AllPub,Inside,Gtl,NoRidge,PosN,Norm,1Fam,1Story,8,5,1968,2008,Hip,CompShg,VinylSd,VinylSd,BrkFace,760.0,Gd,Gd,PConc,Ex,TA,No,GLQ,454,Unf,0,408,1347,GasA,Ex,Y,SBrkr,2364,813,0,1556,1,0,2,1,3,1,Gd,6,Typ,1,Gd,Attchd,2007.0,RFn,3,656,TA,TA,Y,127,124,0,0,0,0,,MnPrv,,0,7,2007,WD,Normal,341000
879,60,RL,48.0,7313,Pave,,IR1,Lvl,AllPub,Inside,Gtl,Blmngtn,Norm,Norm,1Fam,2Story,8,8,1904,2008,Hip,CompShg,VinylSd,HdBoard,BrkFace,42.0,Gd,TA,PConc,Gd,TA,No,GLQ,394,Unf,0,834,2330,GasA,Ex,Y,SBrkr,1482,1320,0,1537,1,0,2,1,3,1,Gd,9,Typ,1,Gd,Attchd,1964.0,Fin,3,462,TA,TA,Y,201,84,0,0,0,0,,MnPrv,,0,6,2007,WD,Normal,372402
152,120,RL,116.0,3922,Pave,,Reg,HLS,AllPub,Inside,Gtl,NridgHt,Norm,Norm,1Fam,2Story,8,5,2009,1980,Mansard,WdShngl,HdBoard,VinylSd,BrkFace,651.0,Gd,TA,PConc,Ex,TA,No,GLQ,1173,LwQ,0,23,1482,GasA,Ex,Y,SBrkr,1505,574,0,2612,1,0,2,1,2,1,Gd,7,Typ,1,Gd,Attchd,2007.0,RFn,3,871,TA,TA,Y,431,66,160,0,0,0,,MnPrv,,0,3,2010,WD,Normal,180500
303,60,RL,96.0,7399,Pave,,IR1,Lvl,AllPub,Inside,Gtl,SawyerW,Artery,Norm,1Fam,1Story,8,5,1965,1957,Hip,CompShg,VinylSd,HdBoard,BrkFace,436.0,Gd,TA,PConc,Gd,TA,Gd,GLQ,1400,Unf,0,1319,1505,GasA,Gd,Y,SBrkr,1482,1336,572,2646,1,0,2,1,2,1,Gd,6,Typ,1,TA,Attchd,1996.0,RFn,3,868,TA,TA,Y,270,42,216,0,0,0,,GdPrv,,0,6,2008,WD,Normal,295493
35,120,RL,43.0,12438,Pave,,Reg,Lvl,AllPub,Inside,Gtl,SawyerW,Norm,Norm,1Fam,1Story,8,5,1996,1968,Hip,CompShg,HdBoard,VinylSd,BrkCmn,128.0,Gd,TA,PConc,Gd,TA,No,GLQ,594,Unf,0,672,1482,GasA,Ex,Y,SBrkr,1325,1336,0,2364,1,0,2,1,4,1,Gd,8,Typ,1,Gd,Attchd,1961.0,RFn,3,425,TA,TA,Y,52,112,0,0,0,0,,MnWw,,0,7,2007,WD,Normal,131400
444,60,RL,43.0,14850,Pave,,Reg,Lvl,AllPub,FR2,Gtl,NridgHt,Norm,Norm,1Fam,2Story,8,5,2007,1995,Hip,CompShg,VinylSd,HdBoard,BrkFace,272.0,Gd,TA,PConc,Gd,TA,No,ALQ,733,Unf,0,371,1311,GasA,Ex,Y,SBrkr,1710,755,0,2574,1,0,2,1,3,1,Gd,7,Typ,1,Gd,Attchd,1957.0,Fin,3,630,TA,TA,Y,146,547,0,0,0,0,,MnPrv,,0,8,2009,WD,Partial,285000
298,60,RL,80.0,9230,Pave,,Reg,Lvl,AllPub,Corner,Gtl,NWAmes,Norm,Norm,1Fam,1Story,8,5,2009,2007,Hip,CompShg,HdBoard,CmentBd,Stone,270.0,Gd,TA,PConc,Gd,TA,No,BLQ,404,Unf,0,1709,1710,GasA,Gd,Y,SBrkr,1358,1174,0,1505,1,0,2,1,3,1,Gd,7,Typ,1,Gd,Attchd,2006.0,RFn,3,758,TA,TA,Y,166,42,0,0,0,0,,MnPrv,,0,7,2009,WD,Normal,239000
703,60,RL,80.0,12003,Pave,,Reg,Lvl,AllPub,Inside,Gtl,Blmngtn,Norm,Norm,1Fam,1Story,8,5,1989,1994,Hip,CompShg,CemntBd,VinylSd,BrkFace,232.0,Ex,TA,PConc,Gd,TA,Mn,ALQ,310,Unf,0,360,1358,GasA,Ex,Y,SBrkr,1425,975,0,1820,1,0,2,1,4,1,Ex,11,Typ,1,Gd,Attchd,1996.0,Fin,3,749,TA,TA,Y,35,35,0,0,0,0,,MnPrv,,0,7,2007,WD,Normal,410000
557,120,RL,107.0,14774,Pave,,Reg,Lvl,AllPub,Inside,Gtl,NoRidge,Norm,Norm,1Fam,1Story,8,5,2007,2008,Hip,CompShg,VinylSd,HdBoard,BrkFace,337.0,Gd,TA,PConc,Gd,TA,Av,GLQ,218,Unf,0,142,1425,GasA,Gd,Y,SBrkr,1630,788,0,1714,1,0,2,1,4,1,Gd,6,Typ,1,TA,Attchd,1996.0,Fin,3,250,TA,TA,Y,146,84,224,0,0,0,,MnPrv,,0,7,2009,WD,Normal,185850
1094,70,RL,43.0,3500,Pave,,IR1,Lvl,AllPub,Inside,Gtl,NridgHt,Norm,Norm,TwnhsE,1Story,7,5,1964,1999,Hip,CompShg,HdBoard,VinylSd,Stone,420.0,Gd,TA,PConc,Gd,TA,No,GLQ,536,Unf,0,1482,1622,GasA,Ex,Y,SBrkr,1144,831,0,2574,1,0,2,1,3,1,Gd,6,Typ,1,Po,Attchd,1962.0,RFn,3,616,TA,TA,Y,116,102,0,0,0,0,,GdPrv,,0,1,2007,WD,Normal,153500
158,60,RL,96.0,9750,Pave,Pave,Reg,Lvl,AllPub,Inside,Gtl,NoRidge,Norm,Norm,1Fam,1Story,7,5,2007,1994,Hip,CompShg,VinylSd,HdBoard,BrkFace,68.0,Gd,TA,PConc,Gd,TA,Mn,BLQ,336,Unf,0,481,1683,GasA,Ex,Y,SBrkr,2129,1208,0,2418,1,0,2,0,3,1,Gd,9,Typ,1,TA,Attchd,2009.0,RFn,3,483,TA,TA,Y,180,16,0,0,0,0,,GdWo,,0,6,2007,WD,Partial,187000
1314,60,RL,59.0,1950,Pave,,IR1,Lvl,AllPub,Corner,Gtl,SawyerW,Norm,Norm,1Fam,2Story,7,5,1934,1964,Hip,CompShg,HdBoard,VinylSd,BrkFace,579.0,Gd,TA,PConc,Gd,TA,No,BLQ,1445,Unf,0,410,708,GasA,Ex,Y,SBrkr,708,1121,0,1710,1,0,2,0,2,1,Gd,8,Typ,1,Gd,Attchd,1990.0,RFn,3,898,TA,TA,Y,192,63,0,0,0,0,,GdWo,,0,7,2008,COD,Normal,192000
205,60,RL,77.0,8064,Pave,Grvl,Reg,Lvl,AllPub,Corner,Mod,NridgHt,Norm,Norm,1Fam,1Story,7,5,1924,1964,Hip,CompShg,VinylSd,CmentBd,BrkFace,270.0,Gd,TA,PConc,Ex,TA,No,GLQ,1422,Unf,0,586,680,GasA,Ex,Y,SBrkr,680,858,0,1358,1,0,3,0,3,1,Gd,6,Typ,1,Gd,Attchd,1950.0,RFn,3,864,TA,TA,Y,474,68,0,0,410,0,,GdPrv,,0,6,2008,WD,Normal,187500
814,70,RL,82.0,12203,Pave,,Reg,Lvl,AllPub,Corner,Gtl,NoRidge,Norm,Norm,1Fam,1Story,7,5,1996,2002,Hip,CompShg,HdBoard,VinylSd,BrkFace,84.0,Ex,TA,Stone,Ex,TA,No,GLQ,871,Unf,0,1482,2033,GasA,Ex,Y,SBrkr,2053,676,0,1425,1,0,2,0,2,1,Gd,10,Typ,1,TA,BuiltIn,2008.0,Fin,3,694,TA,TA,Y,170,170,0,0,0,0,,GdPrv,,0,1,2007,WD,Normal,394432
600,20,RL,80.0,11146,Pave,,Reg,Lvl,AllPub,Inside,Gtl,Timber,Norm,Norm,1Fam,1Story,7,9,1961,1996,Gable,CompShg,CemntBd,VinylSd,Stone,442.0,Gd,TA,PConc,Gd,TA,No,GLQ,312,Unf,0,138,1559,GasA,Ex,Y,SBrkr,1364,1054,0,1630,1,0,2,1,2,1,Ex,6,Typ,1,Gd,Attchd,2008.0,RFn,3,676,TA,TA,Y,70,195,0,0,0,0,,MnPrv,,0,3,2010,WD,Normal,319000
1436,20,RL,80.0,9900,Pave,,IR1,Lvl,AllPub,Inside,Gtl,NWAmes,Norm,Norm,1Fam,1Story,8,5,1999,2009,Gable,CompShg,VinylSd,Plywood,BrkFace,245.0,Gd,TA,PConc,Gd,TA,No,GLQ,1398,Unf,0,935,822,GasA,TA,Y,SBrkr,1559,1177,0,1144,1,0,2,0,2,1,Gd,7,Typ,1,Po,Attchd,1980.0,RFn,3,296,TA,TA,P,192,22,0,0,144,0,,GdWo,,0,4,2008,WD,Normal,167900
891,60,RL,80.0,12919,Pave,,IR1,Lvl,AllPub,Inside,Gtl,NridgHt,Norm,Norm,TwnhsE,1Story,8,8,1925,1962,Hip,CompShg,VinylSd,VinylSd,Stone,448.0,Gd,TA,PConc,Gd,TA,No,Rec,400,Unf,0,1622,1256,GasA,Gd,Y,SBrkr,1020,793,0,2872,1,1,2,0,2,1,Gd,8,Typ,1,Gd,Attchd,1957.0,Fin,3,462,TA,TA,Y,192,78,0,0,0,0,,MnPrv,,0,7,2009,WD,Normal,305000
982,20,RL,94.0,9588,Pave,,IR1,Lvl,AllPub,Inside,Gtl,NoRidge,Norm,Norm,1Fam,2Story,8,5,1996,2005,Gable,CompShg,VinylSd,VinylSd,BrkFace,292.0,Gd,TA,PConc,Gd,TA,Av,ALQ,553,Unf,0,983,868,GasA,Ex,Y,SBrkr,1269,1088,0,1470,1,0,2,0,1,1,Gd,6,Typ,1,Gd,Attchd,1959.0,RFn,3,478,TA,TA,Y,206,63,0,0,0,0,,MnPrv,Shed,0,7,2010,New,Normal,174000
553,60,RL,44.0,13700,Pave,,Reg,Lvl,AllPub,Inside,Gtl,SawyerW,Norm,Norm,1Fam,2Story,7,5,2009,1994,Gable,CompShg,VinylSd,VinylSd,BrkFace,137.0,Gd,TA,CBlock,Ex,TA,Mn,Rec,786,Unf,0,310,1122,GasA,Ex,Y,SBrkr,1146,1152,0,3238,0,0,2,1,4,1,Gd,6,Typ,1,TA,Attchd,1968.0,RFn,3,900,TA,TA,Y,171,66,0,0,0,0,,,,400,2,2010,WD,Normal,174900
319,20,RL,88.0,10421,Pave,Pave,IR1,HLS,AllPub,Corner,Gtl,Timber,Norm,Norm,Twnhs,2Story,7,5,1990,2008,Hip,CompShg,VinylSd,VinylSd,Stone,350.0,Gd,TA,CBlock,Gd,TA,No,ALQ,510,Unf,0,370,1223,GasW,Ex,Y,SBrkr,1134,252,0,1691,0,0,2,0,2,1,Gd,6,Typ,1,Ex,BuiltIn,1985.0,RFn,3,645,TA,TA,Y,192,129,0,0,0,0,,,,0,11,2010,WD,Normal,244600
899,20,RL,88.0,9588,Pave,,Reg,Lvl,AllPub,Inside,Gtl,NridgHt,Norm,Norm,1Fam,1Story,7,9,1947,1991,Gable,CompShg,VinylSd,CmentBd,Stone,238.0,Gd,TA,PConc,Gd,TA,No,BLQ,854,BLQ,0,1217,998,GasA,Gd,Y,SBrkr,1223,1200,0,1364,1,0,2,0,4,1,Gd,6,Min2,1,Gd,Attchd,1931.0,RFn,3,676,TA,TA,Y,128,62,0,0,0,0,,,,0,6,2009,WD,Normal,265979
262,60,RL,80.0,10542,Pave,,Reg,Lvl,AllPub,Corner,Gtl,NoRidge,Norm,Norm,1Fam,2Story,7,5,2007,1990,Gable,CompShg,CemntBd,VinylSd,BrkFace,360.0,Gd,TA,CBlock,Ex,TA,No,Unf,854,Unf,0,808,740,GasA,TA,Y,SBrkr,1006,533,0,1559,0,0,3,0,3,1,Gd,11,Typ,1,TA,Attchd,1999.0,Fin,3,820,Ex,TA,Y,536,120,0,0,0,0,,,,0,11,2007,WD,Normal,380000
890,60,RL,90.0,13891,Pave,,IR1,Lvl,AllPub,Inside,Gtl,Timber,Norm,Norm,1Fam,1Story,9,5,2008,2007,Gable,CompShg,VinylSd,VinylSd,BrkFace,226.0,Gd,TA,CBlock,Ex,TA,No,Unf,1436,ALQ,0,705,1856,GasA,Ex,Y,SBrkr,1006,793,0,1851,0,0,3,0,4,1,Ex,6,Typ,1,TA,Attchd,2003.0,Fin,3,550,TA,TA,Y,309,63,0,0,0,0,,,,0,2,2007,WD,Normal,336000
1155,120,RL,86.0,6371,Pave,,Reg,Lvl,AllPub,Corner,Gtl,mes,Norm,Norm,1Fam,1Story,7,5,1962,2006,Hip,CompShg,VinylSd,VinylSd,BrkFace,456.0,Ex,TA,CBlock,Gd,TA,No,ALQ,564,Unf,0,1221,1350,GasA,TA,Y,SBrkr,1856,1101,0,1269,0,0,2,0,2,1,Gd,8,Typ,1,TA,Attchd,1994.0,RFn,3,772,TA,TA,Y,175,78,0,0,0,0,,,,0,5,2010,WD,Normal,336000
767,70,RL,107.0,10175,Pave,,IR2,Lvl,AllPub,Inside,Gtl,SawyerW,Norm,Norm,1Fam,1Story,8,5,1961,2006,Hip,CompShg,VinylSd,HdBoard,BrkFace,183.0,Gd,TA,Stone,Gd,TA,Mn,GLQ,649,Unf,0,82,1814,GasA,Ex,Y,SBrkr,1200,581,0,1146,1,0,2,1,3,1,Gd,6,Typ,1,Po,Attchd,2006.0,Fin,2,456,TA,TA,Y,192,42,0,0,0,0,,,,0,5,2009,WD,Normal,174000
262,60,RL,80.0,10226,Pave,,Reg,Lvl,AllPub,Inside,Gtl,mes,Norm,Norm,1Fam,1Story,10,5,1957,2005,Gable,CompShg,HdBoard,VinylSd,Stone,132.0,Gd,TA,PConc,Gd,TA,Av,Unf,1039,Unf,0,1122,1482,GasA,Ex,Y,SBrkr,1334,800,0,2504,0,0,2,0,3,1,Ex,8,Typ,1,TA,Attchd,2001.0,Fin,2,884,TA,TA,Y,113,49,0,0,0,0,,,,0,5,2008,WD,Partial,203000
719,20,RL,92.0,10000,Pave,,Reg,Lvl,AllPub,Corner,Gtl,StoneBr,Norm,Norm,TwnhsE,2Story,8,5,1959,2005,Gable,CompShg,Stucco,VinylSd,BrkFace,415.0,Gd,TA,PConc,Gd,TA,No,ALQ,536,Unf,0,223,776,GasA,TA,Y,SBrkr,1826,1323,0,2127,1,0,2,0,2,1,Gd,6,Typ,1,Gd,Attchd,1964.0,RFn,2,895,TA,TA,Y,181,80,0,0,0,0,,,,0,6,2008,WD,Normal,402861
152,20,RL,98.0,10678,Pave,,Reg,Lvl,AllPub,Inside,Gtl,NWAmes,Norm,Norm,1Fam,1Story,7,5,1968,2005,Hip,CompShg,HdBoard,VinylSd,BrkFace,270.0,Gd,TA,PConc,Gd,TA,No,Rec,936,Unf,0,316,702,GasA,Ex,Y,SBrkr,1482,761,0,2046,1,0,2,1,2,1,Gd,6,Typ,1,Gd,BuiltIn,1964.0,Fin,3,490,TA,TA,Y,143,49,0,0,0,0,,,,0,8,2007,WD,Normal,485000
820,20,RL,44.0,11700,Pave,,IR1,Lvl,AllPub,Inside,Gtl,mes,Norm,Norm,1Fam,2Story,8,5,1931,2007,Gable,CompShg,MetalSd,Plywood,BrkFace,72.0,Gd,TA,CBlock,Gd,TA,Av,ALQ,1261,Unf,0,611,1606,GasA,Gd,Y,SBrkr,1165,1320,0,1775,0,0,2,1,1,1,Gd,8,Typ,1,Gd,Attchd,1950.0,Fin,2,1166,TA,TA,Y,172,138,0,0,0,0,,,,0,5,2008,New,Normal,239000
56,120,RL,71.0,9765,Pave,,Reg,Lvl,AllPub,Corner,Gtl,NoRidge,Norm,Norm,TwnhsE,2Story,7,5,2003,2006,Gable,CompShg,VinylSd,MetalSd,BrkFace,425.0,Gd,TA,CBlock,Ex,TA,No,Unf,916,Unf,0,227,780,GasA,TA,Y,SBrkr,842,1067,0,1258,1,0,2,0,3,1,Gd,8,Typ,1,Gd,Attchd,2008.0,Fin,3,476,TA,TA,Y,192,75,0,245,0,0,,,,0,7,2008,WD,Normal,178000
1317,20,RL,94.0,9500,Pave,,Reg,Lvl,AllPub,Inside,Gtl,NridgHt,Norm,Norm,1Fam,1Story,7,5,2006,1957,Gable,CompShg,VinylSd,HdBoard,BrkFace,772.0,Gd,TA,PConc,Gd,TA,Gd,Unf,1218,Unf,0,664,1468,GasA,Ex,Y,SBrkr,1651,1518,0,1856,0,0,2,1,3,1,Gd,6,Typ,1,Gd,Attchd,1998.0,Fin,3,836,TA,TA,P,112,120,0,0,0,0,,,,0,4,2009,WD,Normal,187000
734,60,RL,,14720,Pave,,Reg,Lvl,AllPub,Corner,Gtl,NoRidge,Norm,Norm,1Fam,1Story,8,5,2001,1973,Hip,CompShg,VinylSd,VinylSd,Stone,975.0,Gd,TA,PConc,Gd,TA,No,ALQ,493,Unf,0,611,1251,GasA,Ex,Y,SBrkr,983,797,0,1334,0,0,2,1,3,1,Gd,7,Typ,1,Gd,Attchd,1996.0,Fin,2,430,TA,TA,Y,125,78,0,0,0,0,,GdWo,,0,7,2008,WD,Normal,187500
1176,20,RL,100.0,7052,Pave,,IR2,Lvl,AllPub,FR2,Gtl,mes,Norm,Norm,1Fam,2Story,7,6,1964,1991,Gable,CompShg,MetalSd,VinylSd,BrkFace,975.0,Ex,TA,CBlock,Gd,TA,No,Rec,572,Unf,0,776,2153,GasA,Ex,Y,SBrkr,1468,1122,0,1826,0,0,2,1,4,1,Gd,8,Typ,2,Gd,Attchd,2006.0,Fin,3,388,TA,TA,Y,192,144,0,0,0,0,,,,0,11,2009,WD,Normal,326000
1421,20,RL,86.0,8100,Pave,,Reg,Lvl,AllPub,Inside,Gtl,mes,Norm,Norm,TwnhsE,1Story,9,6,1964,2007,Hip,CompShg,HdBoard,HdBoard,BrkFace,237.0,Gd,TA,CBlock,Gd,TA,Av,GLQ,661,Unf,0,276,1225,GasA,Ex,Y,SBrkr,1251,581,0,2262,1,0,2,1,3,1,Gd,7,Typ,1,TA,Attchd,1993.0,RFn,3,765,TA,TA,Y,33,100,0,0,0,0,,GdWo,,0,8,2006,WD,Normal,149000
96,60,RL,80.0,3182,Pave,,Reg,Lvl,AllPub,Corner,Gtl,mes,RRAn,Norm,1Fam,1Story,9,5,2008,2006,Hip,CompShg,VinylSd,Plywood,BrkFace,196.0,Gd,TA,CBlock,Gd,TA,No,GLQ,319,Unf,0,702,1225,GasA,Gd,Y,SBrkr,1320,918,0,1441,1,0,2,0,4,1,Ex,7,Typ,2,TA,Attchd,2008.0,Fin,2,1020,TA,TA,Y,229,260,0,0,0,0,,,,0,3,2007,WD,Normal,271000
1354,20,RL,85.0,9590,Pave,,Reg,Lvl,AllPub,Inside,Gtl,mes,Norm,Norm,1Fam,1Story,7,5,1962,1988,Gable,CompShg,VinylSd,ImStucc,BrkFace,305.0,Gd,TA,PConc,Ex,TA,No,Unf,1904,Unf,0,1468,755,GasA,Ex,Y,SBrkr,874,1015,0,1165,0,0,2,1,3,1,Ex,7,Typ,1,TA,Attchd,1990.0,RFn,2,438,TA,TA,Y,143,62,0,0,0,0,,,,0,7,2008,New,Partial,139950
381,60,RL,82.0,11198,Pave,,Reg,Lvl,AllPub,Inside,Gtl,mes,Norm,Norm,1Fam,2Story,7,5,1996,2006,Gable,CompShg,HdBoard,MetalSd,Stone,115.0,Ex,TA,PConc,Gd,TA,Av,BLQ,936,Unf,0,2153,1319,GasA,Ex,Y,SBrkr,2069,540,0,1651,0,0,2,1,3,1,Gd,6,Typ,1,Po,Attchd,2006.0,RFn,2,492,TA,TA,Y,186,121,0,0,0,0,,,,0,6,2008,WD,Partial,202500
1057,60,RL,80.0,10944,Pave,,IR1,Lvl,AllPub,Inside,Gtl,NoRidge,Norm,Norm,1Fam,2Story,7,6,2006,2002,Gable,CompShg,MetalSd,VinylSd,Stone,860.0,Gd,TA,CBlock,Gd,Gd,No,GLQ,28,Unf,0,371,1504,GasA,Gd,Y,SBrkr,1276,807,0,1796,0,0,2,0,4,1,Gd,11,Typ,1,TA,Attchd,1990.0,RFn,2,252,TA,TA,Y,70,185,0,0,0,0,,,,0,11,2009,WD,Normal,501837
837,20,RL,100.0,9317,Pave,,IR1,Lvl,AllPub,Inside,Gtl,NridgHt,Norm,Norm,1Fam,1Story,8,5,1993,2007,Gable,CompShg,VinylSd,Plywood,Stone,1600.0,Gd,TA,PConc,Gd,TA,Av,Unf,1260,Unf,0,371,2006,GasA,Ex,Y,SBrkr,1276,252,0,1468,1,0,2,1,3,1,Gd,9,Typ,2,Gd,Attchd,2007.0,Fin,2,786,TA,TA,Y,192,100,0,0,0,0,,,,0,7,2009,WD,Normal,171000
993,60,RL,108.0,11394,Pave,,IR1,Lvl,AllPub,Inside,Gtl,mes,Norm,Norm,1Fam,2Story,7,5,2007,1998,Hip,CompShg,HdBoard,VinylSd,BrkFace,351.0,Gd,TA,PConc,Gd,Gd,Mn,Unf,763,Unf,0,755,1127,GasA,TA,Y,SBrkr,755,1320,0,1251,1,0,2,1,3,1,Ex,12,Typ,1,TA,Attchd,2006.0,RFn,2,492,TA,TA,Y,192,50,0,0,0,0,,,,0,1,2008,New,Normal,335000
386,20,RL,85.0,9650,Pave,,Reg,Lvl,AllPub,Inside,Gtl,SawyerW,Norm,Norm,1Fam,1Story,8,5,1990,2007,Gable,CompShg,VinylSd,VinylSd,BrkFace,340.0,Ex,TA,PConc,Gd,TA,No,GLQ,700,Unf,0,1319,776,GasA,Ex,Y,SBrkr,1537,1067,0,2640,1,0,2,0,3,1,Gd,7,Typ,2,TA,Attchd,2003.0,Fin,2,490,TA,TA,Y,60,78,0,0,0,0,,,,0,7,2008,WD,Normal,192000
732,20,RL,80.0,11302,Pave,,Reg,Lvl,AllPub,Inside,Gtl,NWAmes,Norm,Norm,1Fam,2Story,10,5,2006,1963,Hip,CompShg,VinylSd,VinylSd,BrkFace,378.0,Gd,TA,PConc,Gd,TA,No,BLQ,397,Unf,0,814,1926,GasA,Ex,Y,SBrkr,1504,880,0,874,0,0,2,1,3,1,Gd,6,Typ,1,TA,Attchd,1925.0,RFn,2,947,TA,TA,Y,239,35,0,0,0,0,,,,0,3,2010,New,Normal,159895
567,20,RL,56.0,9760,Pave,,IR1,Lvl,AllPub,Inside,Gtl,NoRidge,Norm,Norm,1Fam,2Story,7,5,1990,1995,Gable,CompShg,VinylSd,VinylSd,BrkFace,136.0,Gd,TA,CBlock,Gd,TA,No,GLQ,275,Unf,0,570,975,GasA,Ex,Y,SBrkr,2020,888,0,2643,1,0,2,0,4,1,Gd,8,Typ,1,Gd,BuiltIn,1957.0,Fin,3,542,TA,TA,Y,418,35,0,0,259,0,,,,0,5,2006,WD,Partial,301000
1427,20,RL,59.0,12244,Pave,,Reg,Lvl,AllPub,Inside,Gtl,NridgHt,Norm,Norm,1Fam,2Story,10,5,2007,1999,Hip,CompShg,VinylSd,HdBoard,BrkFace,166.0,Gd,TA,PConc,TA,TA,Av,GLQ,692,Unf,0,563,1247,GasA,Gd,Y,SBrkr,1500,780,0,2612,1,0,2,0,3,1,Gd,7,Typ,2,TA,2Types,1973.0,RFn,2,686,TA,TA,Y,327,84,0,0,0,0,,,,0,6,2010,WD,Normal,179000
555,60,RL,44.0,2645,Pave,,Reg,Lvl,AllPub,Inside,Gtl,mes,Norm,Norm,1Fam,2Story,8,5,2006,1987,Hip,CompShg,HdBoard,VinylSd,BrkFace,94.0,Gd,TA,PConc,Gd,TA,No,Unf,349,Unf,0,776,822,GasA,Ex,Y,SBrkr,851,939,0,2612,1,0,2,0,3,1,Ex,7,Typ,1,TA,Attchd,1994.0,RFn,2,486,TA,TA,Y,195,64,0,0,0,0,,,,0,10,2007,WD,Normal,582933
847,120,RL,48.0,9020,Pave,,Reg,Lvl,AllPub,Inside,Gtl,NridgHt,Artery,Norm,1Fam,2Story,6,5,2003,2005,Gable,CompShg,VinylSd,HdBoard,BrkFace,428.0,Gd,Gd,PConc,Ex,TA,Gd,GLQ,1172,Unf,0,1926,720,GasA,Ex,Y,SBrkr,1966,780,0,1510,0,0,2,1,3,1,Gd,12,Typ,1,Gd,Attchd,2007.0,Fin,2,874,TA,TA,Y,113,130,0,0,0,0,,,,0,7,2008,WD,Normal,110500
379,20,RL,90.0,12416,Pave,,IR1,Lvl,AllPub,Inside,Mod,mes,Norm,Norm,1Fam,1Story,6,6,2005,2005,Gable,CompShg,HdBoard,VinylSd,BrkFace,246.0,Gd,TA,PConc,Gd,TA,Av,GLQ,700,Unf,0,326,1833,GasA,TA,Y,SBrkr,975,650,0,1537,0,0,2,0,3,1,Gd,8,Typ,1,TA,Attchd,2008.0,RFn,2,786,TA,TA,Y,192,84,0,0,192,0,,MnPrv,,0,10,2008,WD,Partial,158000
1336,20,RL,85.0,7056,Pave,,Reg,Lvl,AllPub,Inside,Gtl,mes,Norm,Norm,1Fam,2Story,6,5,1925,2010,Gable,CompShg,VinylSd,VinylSd,BrkFace,318.0,Gd,TA,PConc,Ex,TA,No,GLQ,383,Unf,0,756,776,GasA,TA,Y,SBrkr,1051,840,0,1504,1,0,2,1,3,1,Gd,7,Typ,1,TA,Basment,1998.0,RFn,2,844,TA,TA,Y,168,102,0,0,0,0,,,,0,9,2006,WD,Normal,266500
596,70,RL,61.0,9612,Pave,,IR1,Lvl,AllPub,Inside,Mod,Timber,Norm,Norm,1Fam,2Story,6,5,1957,2009,Gable,CompShg,VinylSd,HdBoard,BrkFace,748.0,Ex,TA,PConc,Gd,TA,No,Unf,905,Unf,0,208,1242,GasA,Ex,Y,SBrkr,1247,904,0,2020,0,0,2,0,4,1,Gd,7,Typ,1,Gd,Attchd,1963.0,Fin,2,576,TA,TA,Y,172,120,0,0,0,0,,,,0,7,2006,WD,Partial,260000
620,20,RL,85.0,8800,Pave,,IR1,Lvl,AllPub,Inside,Gtl,mes,Norm,Norm,1Fam,1Story,9,5,1973,2005,Gable,CompShg,HdBoard,VinylSd,BrkFace,130.0,Ex,TA,PConc,TA,TA,No,GLQ,312,Unf,0,169,1510,GasA,Gd,Y,SBrkr,1020,1160,0,1445,1,0,2,1,3,1,Gd,7,Typ,1,Gd,Attchd,2004.0,RFn,2,512,TA,TA,Y,172,132,0,0,0,0,,,,0,6,2006,WD,Normal,337500
1192,20,RL,124.0,11700,Pave,,IR1,Lvl,AllPub,Inside,Gtl,mes,Norm,Norm,1Fam,1Story,7,6,2007,1991,Gable,CompShg,VinylSd,Plywood,BrkFace,154.0,Gd,TA,CBlock,TA,TA,No,ALQ,354,Unf,0,224,1144,GasA,Ex,Y,SBrkr,1850,1093,0,3140,1,0,3,0,3,1,Gd,6,Typ,1,Gd,Attchd,1987.0,RFn,2,864,TA,TA,Y,180,39,0,0,0,0,,MnPrv,,0,7,2008,New,Normal,118400
843,20,RL,,9858,Pave,,Reg,Lvl,AllPub,Inside,Gtl,NWAmes,Norm,Norm,Twnhs,2Story,6,9,1965,1999,Gable,CompShg,WdShing,VinylSd,BrkFace,16.0,Gd,TA,CBlock,Gd,Gd,Gd,ALQ,1104,Unf,0,572,1368,GasA,Gd,Y,SBrkr,851,703,0,1950,0,0,2,1,3,1,Gd,9,Typ,1,TA,Attchd,1999.0,RFn,3,889,TA,TA,Y,344,262,0,0,224,0,,,,0,1,2007,ConLw,Normal,144500
1193,20,RL,34.0,13693,Pave,,Reg,Lvl,AllPub,Inside,Gtl,mes,Feedr,Norm,1Fam,2Story,6,6,2006,2005,Hip,CompShg,VinylSd,VinylSd,BrkFace,172.0,Gd,TA,PConc,TA,TA,No,Unf,900,Unf,0,776,1795,GasA,TA,Y,SBrkr,1242,0,0,1839,0,0,2,2,3,1,Ex,10,Typ,1,Gd,Attchd,2003.0,RFn,3,840,TA,TA,Y,250,22,0,0,0,0,,,,0,1,2008,WD,Normal,179000
175,60,RL,85.0,12203,Pave,,Reg,Lvl,AllPub,Corner,Gtl,NridgHt,Norm,Norm,1Fam,1Story,7,5,1998,1966,Gable,CompShg,VinylSd,HdBoard,BrkFace,16.0,Ex,TA,CBlock,TA,Gd,Gd,Unf,454,Unf,0,326,700,GasA,Ex,Y,SBrkr,1144,0,0,1247,1,0,2,1,2,1,Gd,9,Typ,1,TA,Attchd,1987.0,Fin,2,660,TA,TA,Y,210,62,0,196,0,0,,,,0,6,2008,WD,Normal,174900
896,120,RL,80.0,12203,Pave,,Reg,Lvl,AllPub,Inside,Gtl,NoRidge,Norm,Norm,1Fam,SLvl,7,6,1963,2005,Gable,CompShg,VinylSd,VinylSd,Stone,584.0,Gd,TA,PConc,Gd,Gd,Av,ALQ,1567,Unf,0,1017,2216,GasA,Ex,Y,SBrkr,1200,0,0,1416,0,0,3,1,3,1,Ex,6,Typ,1,Gd,Attchd,1968.0,Fin,2,496,TA,TA,Y,171,42,0,0,0,0,,,,0,8,2008,WD,Normal,141000
284,85,RL,81.0,9084,Pave,,Reg,Lvl,AllPub,Inside,Gtl,mes,Norm,Norm,1Fam,2Story,6,5,2004,2007,Gable,CompShg,MetalSd,MetalSd,BrkFace,156.0,Gd,TA,CBlock,Gd,TA,No,Unf,1126,Unf,0,572,650,GasA,TA,Y,SBrkr,1368,0,0,1851,0,0,2,0,3,1,Gd,8,Typ,1,TA,BuiltIn,2004.0,RFn,3,862,TA,TA,Y,156,32,0,0,0,0,,,,0,10,2009,WD,Normal,278000
1084,60,RL,34.0,11883,Pave,Grvl,IR1,Lvl,AllPub,Inside,Gtl,mes,Norm,Norm,1Fam,2Story,9,7,1986,2005,Gable,CompShg,HdBoard,HdBoard,BrkFace,424.0,Gd,Fa,PConc,TA,Fa,No,GLQ,1000,LwQ,0,203,1104,GasA,Ex,Y,SBrkr,1795,0,0,1472,1,0,2,0,3,1,Gd,7,Typ,1,Gd,Attchd,2005.0,Fin,3,576,TA,TA,Y,192,132,0,0,0,0,,,,0,6,2010,WD,Normal,196500
748,20,RL,80.0,12220,Pave,,IR1,Lvl,AllPub,Inside,Gtl,SawyerW,Norm,Norm,1Fam,1Story,8,6,1999,2006,Gable,CompShg,HdBoard,HdBoard,BrkFace,16.0,TA,TA,CBlock,TA,TA,No,GLQ,874,Unf,0,1368,1256,GasA,Gd,Y,SBrkr,1122,520,0,1850,0,0,2,0,3,1,Gd,7,Typ,1,Ex,Attchd,1962.0,Fin,3,490,TA,TA,Y,250,66,0,0,0,0,,,Shed,0,8,2008,WD,Partial,196000
1253,20,RL,100.0,12095,Pave,,Reg,Lvl,AllPub,Inside,Gtl,StoneBr,Norm,Norm,Twnhs,2Story,7,5,2003,1996,Gable,CompShg,VinylSd,Plywood,BrkFace,278.0,Gd,TA,CBlock,Gd,TA,Av,Unf,740,Unf,0,1795,1266,GasA,TA,Y,SBrkr,2234,0,0,2031,1,0,2,1,2,1,Gd,7,Typ,1,TA,Attchd,1998.0,RFn,2,712,TA,TA,Y,172,29,0,0,0,0,,,,0,2,2010,WD,Normal,224000
478,60,RL,100.0,13518,Pave,,Reg,Lvl,AllPub,Inside,Gtl,Timber,Artery,Norm,1Fam,SFoyer,8,5,1987,2008,Gable,CompShg,VinylSd,Plywood,BrkFace,230.0,TA,Gd,CBlock,Gd,TA,Av,BLQ,769,Unf,0,539,982,GasA,Ex,Y,SBrkr,888,1174,0,1502,0,0,2,0,2,1,Gd,7,Typ,1,Gd,Attchd,2009.0,RFn,3,686,TA,TA,Y,144,36,0,0,0,0,,MnPrv,Shed,2000,7,2007,WD,Normal,157500
982,120,RL,78.0,7399,Pave,,Reg,Lvl,AllPub,Inside,Gtl,NridgHt,Norm,Norm,1Fam,2Story,7,6,1968,1989,Gable,CompShg,Stucco,VinylSd,Stone,145.0,Ex,TA,CBlock,Gd,TA,No,Rec,899,Unf,0,312,1010,GasA,Ex,Y,SBrkr,1130,0,0,1242,1,0,1,1,2,1,Gd,10,Typ,1,Gd,Attchd,2004.0,Fin,3,660,TA,TA,Y,168,35,0,0,0,0,,,,0,1,2009,WD,Normal,205000
982,20,RL,77.0,7700,Pave,,Reg,Lvl,AllPub,Inside,Gtl,NridgHt,Norm,Norm,1Fam,1Story,8,5,2004,1998,Gable,CompShg,MetalSd,VinylSd,BrkFace,16.0,TA,TA,PConc,Gd,TA,No,GLQ,988,Unf,0,650,1838,GasA,TA,Y,SBrkr,1269,0,0,2792,0,0,2,1,4,1,Gd,7,Typ,1,Gd,Attchd,1954.0,Fin,2,648,TA,TA,Y,240,154,0,0,0,0,,,,0,8,2008,WD,Normal,248900
652,20,RL,34.0,3316,Pave,,Reg,Lvl,AllPub,Inside,Gtl,mes,Norm,Norm,1Fam,1Story,7,7,2005,1993,Hip,CompShg,VinylSd,Plywood,BrkFace,68.0,TA,TA,PConc,Gd,TA,No,GLQ,904,Unf,0,1266,1734,GasA,TA,Y,SBrkr,1266,0,0,1144,0,0,1,0,3,1,Gd,8,Typ,1,Gd,BuiltIn,1990.0,RFn,3,492,TA,TA,Y,132,62,0,0,0,0,,,,0,7,2010,New,Normal,374000
1436,60,RL,71.0,9760,Pave,,Reg,Lvl,AllPub,Corner,Gtl,NridgHt,Norm,Norm,TwnhsE,1Story,7,5,1962,2006,Gable,CompShg,MetalSd,Stucco,BrkFace,183.0,TA,TA,CBlock,Gd,Fa,No,Unf,1085,Unf,0,982,1103,GasA,TA,Y,SBrkr,1553,1121,0,1368,0,0,3,0,4,1,Gd,7,Typ,1,TA,Attchd,1998.0,Fin,2,834,TA,TA,Y,203,130,0,0,0,0,,,,0,5,2010,WD,Normal,311872
1017,60,RM,96.0,16033,Pave,,Reg,Lvl,AllPub,Corner,Gtl,SawyerW,Norm,Norm,1Fam,2Story,6,3,1915,1967,Gable,CompShg,VinylSd,MetalSd,BrkFace,110.0,TA,Gd,CBlock,TA,TA,No,GLQ,1039,Unf,0,578,1152,GasA,Ex,Y,SBrkr,1007,0,0,1795,0,0,1,0,2,1,Gd,8,Typ,1,TA,Attchd,2004.0,Fin,2,720,TA,TA,Y,268,121,0,0,0,0,,,,0,1,2009,WD,Normal,205000
516,20,RL,34.0,10440,Pave,,Reg,Lvl,AllPub,Inside,Gtl,mes,Norm,Norm,1Fam,2Story,7,5,2008,1993,Gable,CompShg,HdBoard,VinylSd,Stone,350.0,TA,TA,PConc,TA,TA,No,Rec,916,Unf,0,1734,672,GasA,Ex,Y,SBrkr,1052,878,0,2243,1,0,2,0,2,1,Ex,7,Typ,2,Gd,Attchd,2004.0,RFn,2,768,TA,TA,Y,349,35,0,0,0,0,,,,0,3,2009,WD,Normal,180000
854,60,RL,80.0,9230,Pave,,IR1,Lvl,AllPub,Inside,Gtl,Somerst,Norm,Norm,1Fam,2Story,9,6,2004,1983,Gable,CompShg,CemntBd,MetalSd,BrkFace,72.0,TA,TA,CBlock,Gd,TA,Mn,Unf,786,Unf,0,1232,845,GasA,Ex,Y,SBrkr,1276,956,0,2234,0,0,1,0,1,1,TA,7,Typ,2,TA,Attchd,2007.0,RFn,2,779,TA,TA,Y,288,44,0,0,0,0,,,,0,11,2009,WD,Normal,134000
658,20,RL,85.0,6955,Pave,Grvl,IR1,Lvl,AllPub,Inside,Gtl,mes,Norm,Norm,1Fam,1Story,6,3,1990,2009,Gable,CompShg,HdBoard,VinylSd,BrkFace,340.0,TA,TA,PConc,TA,TA,Gd,GLQ,510,Unf,0,706,372,GasA,TA,Y,SBrkr,1838,0,0,1564,1,0,1,0,3,1,TA,11,Typ,2,TA,Attchd,1964.0,Fin,2,478,Gd,TA,Y,216,36,0,0,192,0,,GdWo,,0,7,2007,WD,Normal,290000
799,60,RM,77.0,9986,Pave,,Reg,Lvl,AllPub,Inside,Gtl,mes,Norm,Norm,1Fam,SFoyer,9,5,1998,1999,Gable,CompShg,Plywood,HdBoard,Stone,274.0,TA,TA,CBlock,Ex,TA,No,Unf,1032,Unf,0,816,1700,GasA,TA,Y,SBrkr,1054,0,0,2184,0,0,2,0,3,1,Gd,6,Typ,1,Gd,Attchd,1964.0,RFn,2,576,TA,TA,Y,192,36,0,0,0,0,,MnWw,,0,5,2006,WD,Normal,148000
298,60,RL,48.0,13474,Pave,,Reg,Lvl,AllPub,Corner,Gtl,NridgHt,Norm,Norm,TwnhsE,1Story,7,5,2004,1998,Gambrel,CompShg,VinylSd,Plywood,BrkFace,562.0,Gd,TA,CBlock,TA,TA,No,Unf,733,Unf,0,877,1012,GasA,Ex,Y,SBrkr,1734,0,0,1269,0,0,1,0,2,1,Gd,12,Typ,1,TA,Attchd,1962.0,RFn,2,575,TA,Gd,Y,216,20,0,0,0,0,,,,0,8,2007,WD,Partial,187000
649,70,RL,85.0,9247,Pave,,IR1,Lvl,AllPub,Inside,Gtl,mes,Norm,Norm,TwnhsE,1Story,6,8,2004,1995,Gable,CompShg,VinylSd,CmentBd,Stone,82.0,TA,TA,CBlock,Gd,TA,Av,ALQ,454,Unf,0,23,982,GasA,Ex,Y,SBrkr,1103,0,0,1266,1,0,1,1,3,1,TA,7,Typ,2,Fa,Attchd,2006.0,RFn,2,576,TA,TA,Y,216,48,0,0,0,0,,,,0,7,2008,WD,Normal,265979
1090,60,RL,100.0,17423,Pave,,Reg,Lvl,AllPub,Inside,Gtl,Somerst,Norm,Norm,TwnhsE,1Story,7,5,2007,2007,Gable,CompShg,VinylSd,HdBoard,Stone,391.0,TA,TA,CBlock,Gd,TA,Mn,ALQ,719,Unf,0,528,1012,GasA,TA,Y,SBrkr,672,0,0,2730,0,0,1,0,2,1,Gd,6,Typ,2,TA,BuiltIn,2007.0,RFn,2,308,TA,TA,Y,125,36,0,0,0,0,,,,0,9,2009,WD,Normal,265000
993,60,RL,69.0,11308,Pave,,IR1,Lvl,AllPub,Inside,Gtl,mes,PosN,Norm,1Fam,1Story,8,5,1962,2008,Gable,CompShg,MetalSd,Plywood,BrkFace,360.0,TA,TA,CBlock,Gd,TA,No,GLQ,1234,Unf,0,1012,1127,GasA,TA,Y,SBrkr,1153,0,0,1052,0,0,2,0,2,1,Gd,7,Typ,1,TA,Attchd,1998.0,RFn,2,691,TA,TA,Y,168,78,0,0,0,0,,,,0,6,2006,WD,Normal,475000
1130,20,RL,,3182,Pave,,Reg,Lvl,AllPub,Inside,Gtl,StoneBr,Norm,Norm,1Fam,1Story,10,5,2006,2008,Hip,CompShg,BrkFace,VinylSd,BrkFace,921.0,TA,TA,PConc,TA,TA,Mn,Unf,1121,GLQ,0,833,1056,GasA,Gd,Y,SBrkr,576,0,0,1838,0,0,2,1,3,1,TA,6,Typ,2,Gd,Attchd,1993.0,RFn,2,889,TA,TA,P,192,112,0,0,0,0,,,,0,6,2009,WD,Normal,175900
481,60,RL,85.0,3182,Pave,,IR2,Lvl,AllPub,Inside,Gtl,OldTown,Norm,Norm,1Fam,2Story,6,5,2007,2001,Hip,CompShg,VinylSd,Wd Sdng,BrkFace,130.0,Ex,TA,CBlock,TA,TA,No,Unf,421,Unf,0,982,1063,GasA,TA,Y,SBrkr,1718,1538,0,1054,0,0,1,0,2,1,TA,8,Typ,1,Gd,Attchd,2006.0,Fin,2,706,TA,TA,Y,216,116,0,0,122,0,,,,0,5,2010,WD,Normal,230000
658,60,RL,96.0,10380,Pave,,Reg,Lvl,AllPub,Inside,Gtl,Somerst,Norm,Norm,1Fam,1Story,7,7,1998,1998,Gable,CompShg,Stucco,VinylSd,BrkFace,166.0,Gd,TA,PConc,TA,Gd,Mn,Rec,1283,Unf,0,357,2524,GasA,Ex,Y,SBrkr,1012,0,0,2822,0,0,2,1,3,1,TA,9,Typ,1,Gd,Attchd,1978.0,RFn,2,527,TA,TA,Y,144,44,0,0,0,0,,,,0,6,2008,WD,Normal,262280
456,20,RL,80.0,8123,Pave,Pave,IR1,Lvl,AllPub,Corner,Gtl,Somerst,Norm,Norm,1Fam,1Story,7,5,1892,2005,Hip,CompShg,VinylSd,VinylSd,BrkFace,99.0,TA,Gd,PConc,Gd,TA,No,GLQ,549,Unf,0,276,1306,GasA,Ex,Y,SBrkr,1526,0,0,1103,0,0,1,0,3,1,Ex,7,Typ,2,Gd,Attchd,1983.0,RFn,2,613,TA,TA,Y,519,20,0,0,0,0,,,,0,10,2007,WD,Normal,280000
1329,20,RM,79.0,8816,Pave,Grvl,IR1,Lvl,AllPub,Inside,Gtl,NridgHt,Norm,Norm,Twnhs,1Story,6,5,2006,2005,Gable,CompShg,MetalSd,MetalSd,BrkFace,42.0,TA,TA,CBlock,Gd,TA,Av,Unf,1410,Unf,0,412,650,GasA,TA,Y,SBrkr,1007,0,0,2340,0,1,2,0,3,1,Gd,7,Typ,1,Gd,Attchd,1964.0,Fin,3,502,TA,TA,Y,127,84,0,0,0,0,,,Shed,500,4,2006,WD,Normal,175500
835,70,RL,76.0,8450,Pave,,Reg,Lvl,AllPub,Corner,Gtl,Somerst,Norm,Norm,1Fam,1Story,6,5,1900,1968,Gable,CompShg,Wd Sdng,HdBoard,BrkFace,320.0,TA,TA,CBlock,TA,TA,No,Rec,442,Unf,0,1063,1638,GasA,TA,Y,SBrkr,1165,1518,0,2353,0,0,2,0,3,1,Gd,6,Min1,1,Gd,Attchd,2003.0,RFn,2,288,TA,TA,Y,192,136,0,0,0,0,,GdPrv,,0,3,2006,WD,Normal,120000
1094,20,RL,80.0,14601,Pave,,Reg,HLS,AllPub,Inside,Gtl,NoRidge,Norm,Norm,1Fam,2Story,7,7,2003,2006,Gable,CompShg,HdBoard,VinylSd,BrkFace,362.0,Gd,TA,PConc,TA,TA,No,BLQ,919,Unf,0,1420,1792,GasA,Ex,Y,SBrkr,1063,0,0,1109,0,0,2,0,3,1,Gd,7,Typ,1,TA,Attchd,2009.0,RFn,2,576,TA,TA,Y,255,36,0,0,0,0,,,,0,4,2006,WD,Normal,315000
1307,80,RM,43.0,8800,Pave,,IR1,Lvl,AllPub,Inside,Gtl,Somerst,Norm,Norm,1Fam,1Story,7,8,2008,2003,Gable,CompShg,VinylSd,CmentBd,Stone,128.0,Gd,TA,PConc,Gd,TA,Gd,Unf,483,Unf,0,406,1726,GasA,Ex,Y,SBrkr,1071,0,0,1718,1,0,2,0,3,1,TA,6,Typ,1,TA,Attchd,1998.0,RFn,3,749,TA,TA,Y,144,44,0,0,0,0,,GdWo,,0,10,2008,WD,Normal,165000
1325,60,RL,98.0,13891,Pave,,Reg,Lvl,AllPub,Corner,Gtl,NoRidge,Norm,Norm,1Fam,SLvl,7,6,1998,2000,Gable,CompShg,WdShing,VinylSd,Stone,288.0,Gd,TA,PConc,Ex,TA,No,Unf,871,Unf,0,650,1142,GasA,Ex,Y,SBrkr,2524,744,0,1012,0,0,1,1,3,1,Gd,6,Typ,1,TA,BuiltIn,1977.0,Fin,2,626,TA,TA,Y,208,20,0,0,0,0,,,,0,2,2006,WD,Normal,325000
307,20,RL,104.0,9042,Pave,,Reg,Lvl,AllPub,Inside,Gtl,mes,RRAe,Norm,1Fam,2Story,6,5,1961,2008,Gable,CompShg,VinylSd,MetalSd,BrkFace,594.0,Gd,TA,CBlock,Gd,TA,Mn,Unf,904,Unf,0,314,1165,GasA,Gd,Y,SBrkr,1186,0,0,1526,0,0,2,1,3,1,Gd,6,Typ,1,Gd,BuiltIn,1987.0,RFn,2,860,TA,TA,Y,132,406,0,0,0,0,,,,0,3,2010,WD,Normal,157500
1352,60,RL,98.0,13005,Pave,,IR1,Lvl,AllPub,Inside,Gtl,NWAmes,Norm,Norm,1Fam,1Story,7,7,2003,2009,Gable,CompShg,HdBoard,Wd Sdng,BrkFace,340.0,Gd,TA,CBlock,TA,TA,No,ALQ,504,Unf,0,1638,1109,GasA,Gd,Y,SBrkr,1646,0,0,1800,0,0,1,0,3,1,Gd,8,Typ,1,Gd,Attchd,2003.0,RFn,2,572,TA,TA,Y,192,20,0,0,0,0,,,,0,5,2007,WD,Normal,224000
179,60,RL,116.0,12456,Pave,,IR1,Lvl,AllPub,Inside,Gtl,NridgHt,Norm,Norm,1Fam,2Story,9,5,2007,2005,Gable,CompShg,VinylSd,HdBoard,BrkFace,162.0,TA,TA,PConc,TA,TA,Av,GLQ,719,Unf,0,225,528,GasA,TA,Y,SBrkr,1792,0,0,1165,0,0,2,1,3,1,Gd,6,Typ,1,Gd,Attchd,2007.0,RFn,2,648,TA,TA,Y,182,260,0,0,0,0,,,,0,4,2007,WD,Normal,201800
796,120,RL,100.0,8263,Pave,,IR1,Lvl,AllPub,Inside,Gtl,NridgHt,Norm,Norm,1Fam,2Story,6,8,1948,2006,Gable,CompShg,MetalSd,VinylSd,BrkFace,340.0,TA,TA,Stone,Gd,TA,No,Unf,1358,Unf,0,268,1240,GasA,Ex,Y,SBrkr,1726,0,0,1800,0,0,2,0,3,1,Gd,12,Typ,1,Gd,Attchd,1989.0,Fin,2,576,TA,TA,Y,144,36,0,0,0,0,,,,0,7,2006,WD,Normal,315750
1059,60,RL,70.0,8562,Pave,,Reg,Lvl,AllPub,Inside,Gtl,mes,Norm,Norm,1Fam,1Story,6,5,2008,2000,Gable,CompShg,Stucco,VinylSd,Stone,459.0,TA,Gd,PConc,TA,TA,Av,Unf,816,Unf,0,425,1264,GasA,Gd,Y,SBrkr,1188,0,0,1063,1,0,2,0,3,1,TA,6,Typ,1,Gd,Attchd,1977.0,RFn,2,670,TA,TA,Y,208,64,0,0,0,0,,,,0,5,2006,WD,Normal,153900
386,60,RL,80.0,8123,Pave,,Reg,Lvl,AllPub,Inside,Gtl,NWAmes,Norm,Norm,TwnhsE,1.5Fin,6,6,2007,1978,Gable,CompShg,Plywood,Plywood,Stone,80.0,TA,TA,CBlock,Gd,TA,No,Unf,320,Unf,0,95,1107,GasA,Ex,Y,SBrkr,1142,0,0,2172,0,1,1,1,3,1,TA,6,Typ,1,TA,Attchd,2008.0,RFn,2,525,TA,TA,Y,517,60,84,0,0,0,,,,0,6,2009,WD,Normal,370878
983,120,RL,98.0,9020,Pave,,Reg,Lvl,AllPub,Inside,Gtl,OldTown,Norm,Norm,1Fam,1Story,5,6,2001,2006,Gable,CompShg,Plywood,VinylSd,Stone,132.0,TA,TA,PConc,TA,TA,No,GLQ,493,Unf,0,380,1386,GasA,Ex,Y,SBrkr,1203,0,0,2524,1,0,2,1,2,1,TA,6,Min2,1,Gd,Attchd,2008.0,Fin,2,315,TA,TA,Y,356,102,0,0,0,0,,MnPrv,,0,8,2009,WD,Normal,325000
323,20,RL,128.0,9920,Pave,,Reg,Lvl,AllPub,Inside,Gtl,mes,Norm,Norm,1Fam,1Story,5,5,1998,1973,Gable,CompShg,HdBoard,MetalSd,BrkFace,921.0,TA,Gd,CBlock,Gd,TA,No,Unf,1000,Unf,0,210,1314,GasA,Ex,Y,SBrkr,1155,0,0,1539,0,0,2,0,3,1,TA,6,Typ,2,TA,Attchd,2001.0,RFn,3,490,TA,TA,Y,126,36,0,0,0,0,,,,0,6,2006,WD,Normal,122900
380,20,RL,82.0,14154,Pave,,Reg,Lvl,AllPub,FR2,Gtl,OldTown,Norm,Norm,1Fam,2Story,8,7,2005,1964,Gable,CompShg,MetalSd,Plywood,BrkFace,360.0,TA,TA,CBlock,TA,TA,No,ALQ,986,Unf,0,528,1475,GasA,Gd,Y,SBrkr,1094,0,0,1986,0,0,2,0,3,1,TA,8,Typ,1,Gd,Attchd,1998.0,Fin,2,462,TA,TA,P,52,144,0,0,0,0,,GdWo,,0,5,2007,WD,Normal,151000
819,20,RL,90.0,5381,Pave,,IR1,Lvl,AllPub,Inside,Gtl,OldTown,Norm,Norm,1Fam,1.5Fin,6,5,1994,1989,Gable,CompShg,HdBoard,HdBoard,BrkFace,870.0,Gd,TA,CBlock,Gd,TA,No,BLQ,477,Unf,0,1240,1836,GasA,TA,Y,SBrkr,1320,0,0,1646,0,0,2,1,3,1,TA,6,Typ,2,TA,Attchd,2005.0,RFn,2,525,Gd,TA,Y,100,72,0,0,0,0,,,,0,7,2009,WD,Normal,217500
541,50,RL,120.0,10440,Pave,,Reg,Lvl,AllPub,Inside,Gtl,mes,Norm,Norm,1Fam,1Story,5,6,1968,2003,Gable,CompShg,VinylSd,MetalSd,BrkFace,338.0,Gd,TA,CBlock,TA,TA,No,ALQ,1173,Unf,0,1264,1242,GasA,TA,Y,SBrkr,1277,0,0,1792,0,0,1,1,1,1,TA,9,Typ,1,TA,Attchd,1994.0,RFn,2,627,TA,TA,Y,171,123,0,0,0,0,,,,0,10,2007,WD,Normal,309000
616,20,RL,80.0,13600,Pave,,Reg,Lvl,AllPub,Inside,Gtl,SawyerW,Norm,Norm,1Fam,1Story,7,5,2006,1994,Gable,CompShg,HdBoard,HdBoard,BrkFace,223.0,Gd,TA,PConc,Fa,TA,Mn,Unf,904,LwQ,0,1107,1120,GasA,Ex,Y,SBrkr,1518,0,0,1726,1,0,1,0,3,1,Gd,6,Typ,1,Gd,Attchd,1968.0,Fin,2,696,TA,TA,Y,52,90,0,0,0,0,,,,0,5,2007,WD,Normal,265000
804,120,RL,66.0,10656,Pave,,Reg,Lvl,AllPub,Inside,Gtl,OldTown,Norm,Norm,TwnhsE,2Story,5,5,1915,1976,Gable,CompShg,BrkFace,VinylSd,Stone,171.0,Gd,TA,PConc,TA,TA,No,Unf,1153,Unf,0,398,1463,GasA,Gd,Y,SBrkr,1569,0,0,1142,0,0,2,0,3,1,Gd,10,Typ,3,Gd,Attchd,2006.0,RFn,2,472,TA,TA,Y,186,66,0,0,0,0,,,,0,1,2009,WD,Normal,179400
1064,60,RM,80.0,11846,Pave,,IR1,Lvl,AllPub,Corner,Gtl,NoRidge,Feedr,Norm,1Fam,1Story,9,5,2000,2003,Hip,CompShg,Wd Sdng,HdBoard,BrkFace,226.0,TA,TA,PConc,Gd,TA,Mn,ALQ,489,Unf,0,410,650,GasA,TA,Y,SBrkr,1314,829,0,2526,1,0,1,1,2,1,Gd,6,Typ,1,TA,Attchd,1976.0,RFn,2,576,TA,TA,Y,0,170,0,0,0,0,,MnPrv,,0,6,2010,WD,Normal,437154
52,20,RL,88.0,9416,Pave,,Reg,Lvl,AllPub,Inside,Gtl,Timber,Feedr,Norm,1Fam,1Story,7,7,2008,2006,Gable,CompShg,HdBoard,BrkFace,Stone,166.0,TA,TA,CBlock,Gd,TA,No,GLQ,895,Unf,0,390,1358,GasA,Ex,Y,SBrkr,1532,1098,0,924,0,0,3,0,4,1,TA,7,Typ,1,Gd,Attchd,2003.0,RFn,2,840,TA,TA,Y,0,84,0,0,0,0,,MnPrv,,0,5,2008,WD,Normal,260400
1458,20,RL,34.0,12160,Pave,,Reg,Lvl,AllPub,Inside,Gtl,mes,Norm,Norm,1Fam,1Story,6,5,2008,2009,Gable,CompShg,MetalSd,Wd Sdng,BrkFace,270.0,TA,TA,PConc,Gd,TA,No,Unf,490,Unf,1061,797,1379,GasA,Ex,Y,SBrkr,1940,0,0,1155,1,0,1,0,2,1,TA,6,Typ,1,TA,Detchd,2000.0,RFn,3,576,TA,TA,Y,0,132,0,0,180,0,,,,0,6,2006,WD,Normal,237000
317,20,RL,78.0,7875,Pave,,Reg,Lvl,AllPub,Inside,Gtl,NridgHt,Norm,Norm,1Fam,1Story,5,7,2005,1977,Gable,CompShg,Wd Sdng,HdBoard,Stone,84.0,Gd,Gd,PConc,TA,TA,No,GLQ,338,Unf,0,326,1698,GasA,Ex,Y,SBrkr,1836,762,0,1855,0,0,1,1,3,1,TA,7,Min2,1,TA,Detchd,2008.0,Unf,2,720,TA,TA,Y,268,60,0,0,0,0,,,,0,6,2009,WD,Normal,139000
575,20,RL,92.0,4224,Pave,,Reg,Lvl,AllPub,Inside,Gtl,Timber,Norm,Norm,TwnhsE,1.5Fin,6,5,2004,1957,Gable,CompShg,MetalSd,Wd Sdng,BrkFace,768.0,Gd,TA,CBlock,TA,TA,No,Unf,790,Unf,0,153,1766,GasA,Gd,Y,SBrkr,1242,0,0,2640,0,0,1,1,2,1,TA,7,Typ,1,Gd,Attchd,2009.0,Unf,2,606,TA,TA,Y,156,20,0,0,0,0,,,,0,5,2009,WD,Normal,320000
995,60,RL,80.0,10120,Pave,,IR1,Lvl,AllPub,Inside,Gtl,mes,Norm,Norm,1Fam,1.5Fin,7,7,1978,1988,Gable,CompShg,VinylSd,MetalSd,BrkFace,479.0,TA,TA,CBlock,Fa,TA,No,ALQ,1172,Unf,0,173,807,GasA,Gd,Y,SBrkr,874,1237,0,2344,1,0,1,1,2,1,TA,6,Typ,1,Gd,Attchd,2005.0,Unf,2,983,TA,TA,Y,100,170,0,0,0,0,,,,0,5,2009,WD,Normal,305000
1121,50,RM,93.0,7838,Pave,,IR1,Lvl,AllPub,Corner,Gtl,OldTown,Norm,Norm,1Fam,2Story,5,5,2006,1994,Gable,CompShg,HdBoard,MetalSd,BrkFace,104.0,TA,TA,CBlock,TA,TA,No,Unf,776,Unf,0,354,672,GasA,Ex,Y,SBrkr,1130,0,0,3608,1,0,1,0,2,1,Gd,7,Typ,1,TA,Detchd,2004.0,Unf,1,626,TA,TA,P,0,80,0,0,0,0,,,,0,3,2006,WD,Normal,295493
1054,80,RM,52.0,11782,Pave,,Reg,HLS,AllPub,Inside,Gtl,mes,Norm,Norm,1Fam,2Story,7,5,1973,1957,Gable,CompShg,Wd Sdng,VinylSd,BrkFace,263.0,TA,TA,PConc,TA,TA,No,Rec,980,Unf,0,299,1430,GasA,Ex,Y,SBrkr,1500,1088,0,1569,0,0,2,0,3,1,TA,7,Typ,1,TA,Detchd,1966.0,Unf,2,825,TA,TA,Y,144,64,0,0,0,0,,,,0,5,2006,COD,Normal,177000
380,20,RL,70.0,10206,Pave,,Reg,Lvl,AllPub,Inside,Gtl,NridgHt,Norm,Norm,1Fam,1Story,6,5,1964,2006,Gable,CompShg,MetalSd,HdBoard,Stone,216.0,TA,TA,CBlock,Gd,Fa,Mn,GLQ,659,Unf,0,431,936,GasA,Ex,Y,SBrkr,1358,0,0,1314,0,0,2,1,3,1,TA,6,Typ,1,Gd,Detchd,1981.0,Unf,2,572,TA,TA,Y,0,76,0,0,0,0,,MnPrv,,0,4,2010,WD,Normal,250000
282,60,RL,73.0,11700,Pave,,IR1,Lvl,AllPub,Inside,Gtl,NWAmes,Norm,Norm,1Fam,SFoyer,8,5,1989,2005,Gable,CompShg,VinylSd,Wd Sdng,BrkFace,448.0,TA,TA,CBlock,TA,TA,No,Unf,659,Unf,0,650,784,GasA,TA,Y,SBrkr,876,0,0,2329,1,0,1,0,4,1,TA,7,Typ,1,Fa,Attchd,2006.0,RFn,3,556,TA,TA,Y,0,45,0,0,0,0,,GdWo,,0,12,2006,WD,Normal,272000
843,60,RL,78.0,10208,Pave,,Reg,Lvl,AllPub,Inside,Gtl,Timber,Norm,Norm,1Fam,1.5Fin,5,5,2003,2003,Gable,CompShg,Wd Sdng,MetalSd,BrkFace,473.0,TA,TA,CBlock,TA,TA,No,Unf,513,Unf,0,625,1264,GasA,TA,Y,SBrkr,1698,0,0,1836,0,0,1,0,3,1,TA,6,Typ,1,TA,Attchd,1973.0,RFn,2,516,TA,TA,Y,436,21,0,0,0,0,,,,0,4,2010,WD,Normal,137500
906,20,RM,107.0,22950,Pave,,Reg,Lvl,AllPub,Inside,Gtl,OldTown,Norm,Norm,1Fam,1Story,6,6,1994,1995,Gable,CompShg,VinylSd,VinylSd,Stone,180.0,TA,TA,CBlock,TA,TA,Av,BLQ,1261,Unf,0,431,1216,GasA,TA,Y,FuseA,1766,0,0,1242,0,0,1,1,3,1,TA,8,Min2,1,TA,Attchd,1964.0,RFn,2,779,TA,TA,Y,120,96,0,0,0,0,,,,0,1,2009,WD,Normal,144900
409,50,RL,78.0,3635,Pave,,Reg,Lvl,AllPub,CulDSac,Gtl,OldTown,Norm,Norm,Twnhs,2Story,6,5,1976,2009,Gable,CompShg,Wd Sdng,Wd Sdng,BrkFace,180.0,TA,TA,PConc,TA,TA,No,LwQ,700,Unf,0,410,1392,GasA,TA,Y,SBrkr,1175,832,0,874,0,0,2,1,3,1,TA,8,Typ,1,TA,Detchd,1989.0,Unf,1,336,TA,TA,Y,0,44,0,0,0,0,,,,0,6,2009,WD,Normal,114500
1045,20,RL,24.0,5001,Pave,Pave,Reg,Lvl,AllPub,Inside,Gtl,mes,Norm,Norm,1Fam,1.5Fin,5,7,2008,2003,Gable,CompShg,VinylSd,Wd Sdng,BrkFace,194.0,TA,TA,CBlock,TA,Fa,No,Rec,252,Unf,0,876,744,GasA,Ex,Y,SBrkr,672,0,0,1130,0,0,2,0,4,1,TA,10,Typ,1,TA,Attchd,2003.0,Fin,1,299,TA,TA,Y,144,44,0,0,0,0,,,,0,4,2008,WD,Family,271000
1043,50,RM,95.0,11839,Pave,,IR1,Lvl,AllPub,Inside,Gtl,CollgCr,Norm,Norm,1Fam,2Story,8,5,1977,1989,Gable,CompShg,Wd Sdng,VinylSd,BrkFace,651.0,Gd,TA,PConc,TA,TA,No,Unf,222,Unf,0,464,1848,GasA,Gd,Y,SBrkr,1647,807,0,2622,1,0,1,1,3,1,Gd,6,Typ,1,TA,Attchd,1994.0,Unf,1,463,TA,TA,Y,0,0,164,0,0,0,,,,0,6,2010,WD,Normal,209500
842,20,RL,75.0,11362,Pave,,Reg,Lvl,AllPub,Inside,Gtl,NridgHt,Norm,Norm,1Fam,1.5Fin,8,5,1957,1996,Gable,CompShg,VinylSd,Wd Sdng,BrkFace,166.0,Gd,Gd,PConc,TA,TA,No,LwQ,1369,Unf,0,645,1720,GasA,Gd,Y,SBrkr,1132,0,0,1539,0,0,2,0,3,1,TA,7,Typ,1,Gd,Detchd,1976.0,Unf,1,722,TA,TA,Y,0,0,0,0,0,0,,,,0,7,2006,WD,Normal,315000
606,60,RL,75.0,9858,Pave,,Reg,Lvl,AllPub,Inside,Gtl,mes,Norm,Norm,1Fam,2Story,8,5,1988,2002,Gable,CompShg,MetalSd,Wd Shng,BrkFace,340.0,Gd,TA,CBlock,Ex,TA,No,ALQ,1024,Unf,0,386,941,GasA,Ex,Y,SBrkr,1277,904,0,1358,0,0,2,0,3,1,Gd,7,Typ,1,Gd,Attchd,1994.0,Fin,3,299,TA,TA,Y,0,131,0,0,0,0,,,,0,7,2006,WD,Normal,228500
867,120,RL,82.0,12256,Pave,,Reg,Lvl,AllPub,Inside,Gtl,NWAmes,Feedr,Norm,1Fam,1.5Fin,6,5,1925,2005,Gable,CompShg,VinylSd,MetalSd,Stone,410.0,TA,TA,PConc,Fa,TA,No,Unf,2260,Unf,0,672,1657,GasA,Ex,Y,SBrkr,1392,0,0,1717,1,0,2,1,2,1,Gd,6,Typ,1,Gd,Detchd,2003.0,Unf,1,500,TA,TA,Y,0,0,0,0,0,0,,,,0,6,2010,WD,Normal,243000
482,20,RL,81.0,10440,Pave,,IR1,Lvl,AllPub,FR2,Gtl,OldTown,Norm,Norm,1Fam,1Story,5,5,1957,2006,Gable,CompShg,HdBoard,VinylSd,BrkFace,336.0,Gd,TA,CBlock,Gd,TA,No,Unf,866,Unf,0,1117,1092,GasA,Ex,Y,SBrkr,757,0,0,1820,0,0,2,0,4,1,Gd,7,Typ,1,TA,Detchd,2009.0,Unf,1,786,TA,TA,Y,384,0,0,0,0,0,,,,0,5,2010,New,Normal,287090
197,20,RL,120.0,6371,Pave,,Reg,Lvl,AllPub,Inside,Gtl,mes,Norm,Norm,Twnhs,1Story,5,5,2006,1980,Hip,CompShg,VinylSd,HdBoard,Stone,94.0,TA,TA,PConc,TA,TA,No,ALQ,24,Unf,0,392,1482,GasA,Ex,Y,SBrkr,1848,0,0,2398,1,0,2,0,3,1,TA,6,Typ,1,TA,Attchd,1977.0,Unf,1,525,TA,TA,Y,0,0,0,0,0,0,,,,0,12,2006,WD,Normal,166000
358,50,RL,80.0,13700,Pave,,IR2,Lvl,AllPub,Inside,Gtl,NoRidge,Norm,Norm,1Fam,1Story,6,5,2005,1974,Hip,CompShg,Plywood,VinylSd,BrkFace,246.0,Gd,TA,CBlock,Gd,TA,Av,GLQ,1904,Unf,0,1264,1314,GasA,Ex,Y,SBrkr,1720,1070,0,1416,1,0,1,0,3,1,Gd,7,Typ,1,Gd,Detchd,1957.0,Unf,1,270,TA,TA,Y,0,0,0,0,0,0,,,,0,4,2010,WD,Normal,213000
1303,50,FV,107.0,11787,Pave,,IR1,Lvl,AllPub,Inside,Mod,StoneBr,Norm,Norm,1Fam,1Story,5,6,1968,1987,Gable,WdShngl,VinylSd,Plywood,Stone,80.0,TA,TA,PConc,TA,TA,No,ALQ,899,BLQ,0,411,1622,GasA,TA,Y,SBrkr,941,252,0,1698,1,0,2,0,3,1,Gd,6,Typ,1,Gd,Attchd,1988.0,RFn,2,551,TA,TA,Y,0,128,0,0,0,0,,GdWo,,0,5,2009,WD,Normal,341000
1393,60,RM,53.0,12665,Pave,,Reg,Lvl,AllPub,Inside,Gtl,NoRidge,Norm,Norm,1Fam,1Story,8,5,1994,1953,Gable,CompShg,VinylSd,VinylSd,BrkFace,119.0,Gd,TA,BrkTil,Gd,TA,Av,BLQ,1540,Unf,0,438,1019,GasA,Ex,Y,SBrkr,1668,1088,0,1766,1,0,2,1,2,1,Gd,11,Typ,1,Gd,Detchd,1977.0,Unf,2,452,TA,TA,Y,0,75,0,0,0,0,,,,0,6,2007,WD,Partial,230000
879,85,RL,60.0,13286,Pave,,Reg,Lvl,AllPub,Inside,Gtl,SWISU,Norm,Norm,1Fam,1.5Fin,5,5,2008,1999,Gable,CompShg,VinylSd,VinylSd,Stone,230.0,TA,TA,PConc,Gd,TA,Gd,ALQ,460,GLQ,0,625,1053,GasA,TA,Y,SBrkr,1092,0,0,1982,0,0,2,1,3,1,TA,8,Typ,1,TA,Attchd,1925.0,Unf,1,936,TA,TA,Y,0,0,212,0,0,0,,,,0,7,2010,WD,Normal,227000
850,50,RL,69.0,9187,Pave,,IR1,Lvl,AllPub,Inside,Gtl,Crawfor,Norm,Norm,1Fam,2Story,6,5,2003,1986,Gable,CompShg,Plywood,VinylSd,BrkFace,148.0,Gd,TA,CBlock,Gd,TA,Av,GLQ,361,Unf,0,801,1392,GasA,Ex,Y,SBrkr,1584,0,0,924,0,0,1,1,2,1,Gd,7,Typ,2,TA,BuiltIn,1957.0,Fin,2,820,TA,TA,Y,0,0,0,0,0,0,,GdPrv,,0,6,2010,WD,Normal,225000
748,20,RL,34.0,11287,Pave,,Reg,Lvl,AllPub,Inside,Gtl,NoRidge,Norm,Norm,1Fam,2Story,5,5,2004,1993,Gable,CompShg,MetalSd,MetalSd,BrkFace,72.0,TA,TA,PConc,TA,TA,No,Unf,0,Unf,0,458,1581,GasA,Ex,Y,SBrkr,1482,0,0,1200,0,0,2,2,4,1,TA,7,Min2,1,Gd,Detchd,2006.0,Unf,2,772,TA,TA,Y,0,0,0,0,0,0,,,,0,11,2006,WD,Normal,187750
518,50,RL,51.0,8064,Pave,,Reg,Lvl,AllPub,Inside,Gtl,OldTown,Norm,Norm,1Fam,2Story,6,6,1953,1963,Gable,CompShg,VinylSd,VinylSd,BrkFace,246.0,Gd,TA,CBlock,Gd,TA,No,GLQ,0,Unf,972,315,360,GasA,Ex,Y,SBrkr,1314,0,0,1647,1,0,2,0,3,1,Gd,6,Typ,1,Po,BuiltIn,2005.0,RFn,2,746,TA,TA,Y,0,0,0,0,0,0,,,,0,7,2007,WD,Normal,202500
186,60,RM,60.0,12984,Pave,,Reg,Lvl,AllPub,Corner,Gtl,mes,Norm,Norm,1Fam,2Story,6,5,2002,2000,Gable,CompShg,Wd Sdng,Wd Sdng,Stone,240.0,TA,TA,CBlock,Gd,TA,No,ALQ,1361,Unf,0,203,874,GasA,Gd,Y,SBrkr,1630,0,0,936,1,1,2,0,3,1,TA,8,Typ,1,Gd,Attchd,1985.0,Unf,2,336,TA,TA,Y,0,70,0,0,0,0,,,,0,12,2008,WD,Normal,250000
1416,50,RL,89.0,13418,Pave,,Reg,Lvl,AllPub,Inside,Gtl,mes,Norm,Norm,Twnhs,1Story,5,7,1976,1998,Gable,CompShg,Plywood,Plywood,BrkFace,860.0,TA,Gd,CBlock,Gd,TA,No,GLQ,1016,Unf,0,611,918,GasA,TA,Y,SBrkr,1357,630,0,2452,0,0,1,0,4,1,TA,7,Typ,1,Fa,Attchd,1968.0,RFn,3,541,TA,TA,Y,0,0,0,0,0,0,,,,0,9,2008,WD,Normal,277500
1158,20,RL,60.0,10208,Pave,,IR1,Lvl,AllPub,Inside,Gtl,OldTown,Norm,Norm,1Fam,SLvl,6,5,2006,1962,Gable,Tar&Grv,Wd Sdng,Wd Sdng,Stone,378.0,Gd,TA,BrkTil,TA,TA,No,Rec,194,Unf,0,410,1086,GasA,Gd,Y,SBrkr,1053,0,0,2344,0,0,1,0,2,1,TA,6,Typ,1,TA,Attchd,2009.0,Unf,2,678,Gd,TA,Y,0,0,0,0,0,0,,,,0,5,2007,WD,Normal,110000
1044,20,RL,74.0,20431,Pave,,Reg,Lvl,AllPub,Corner,Gtl,OldTown,Norm,Norm,1Fam,1.5Fin,6,7,1950,2008,Gable,CompShg,VinylSd,VinylSd,Stone,246.0,TA,TA,PConc,TA,TA,No,Unf,0,Unf,0,1622,780,GasA,Gd,Y,SBrkr,1392,0,0,1392,1,0,1,0,3,1,TA,8,Typ,1,TA,Attchd,2003.0,Fin,2,636,TA,TA,Y,0,72,0,0,0,0,,,,0,11,2009,WD,Normal,88000
1110,20,RM,98.0,10593,Pave,,IR1,Lvl,AllPub,Inside,Gtl,NridgHt,Norm,Norm,1Fam,1Story,7,6,1980,2002,Gable,CompShg,Wd Sdng,Wd Sdng,BrkFace,202.0,TA,TA,BrkTil,Gd,TA,Gd,GLQ,1330,Unf,0,1053,1223,GasA,Ex,Y,SBrkr,1601,0,0,1501,0,0,2,0,4,1,Gd,7,Typ,1,TA,Attchd,1950.0,Unf,2,462,TA,TA,Y,0,138,0,0,0,0,,GdWo,,0,5,2009,WD,Normal,141000
456,20,RM,60.0,9548,Pave,,Reg,Lvl,AllPub,Corner,Gtl,Sawyer,Feedr,Norm,1Fam,1Story,5,5,1999,2000,Gable,CompShg,VinylSd,VinylSd,BrkFace,237.0,TA,TA,BrkTil,TA,TA,No,ALQ,0,Unf,0,1392,1554,GasA,TA,Y,SBrkr,1032,0,0,2728,1,0,2,0,3,1,TA,6,Typ,1,Gd,Attchd,2004.0,RFn,2,866,TA,TA,Y,0,0,0,0,0,0,,GdWo,,0,4,2006,WD,Normal,239000
1253,20,RL,60.0,10635,Pave,,Reg,Lvl,AllPub,Inside,Gtl,CollgCr,Norm,Norm,1Fam,1.5Fin,7,5,1986,2003,Gable,CompShg,WdShing,Wd Shng,Stone,248.0,TA,TA,CBlock,Gd,TA,No,Unf,0,Rec,0,223,1202,GasA,TA,Y,FuseA,874,0,0,1720,0,0,1,0,2,1,TA,9,Typ,1,Gd,Attchd,1976.0,RFn,3,505,TA,TA,Y,0,0,0,0,0,0,,,,0,5,2007,WD,Normal,161750
1184,50,RL,79.0,12244,Pave,,Reg,Lvl,AllPub,Inside,Gtl,NWAmes,Norm,Norm,1Fam,1Story,6,4,1963,1958,Gable,CompShg,MetalSd,MetalSd,BrkFace,90.0,TA,TA,CBlock,TA,TA,No,BLQ,0,Unf,0,360,1573,GasA,Ex,Y,SBrkr,918,0,0,1829,0,0,1,1,2,1,TA,7,Typ,1,Gd,Attchd,2006.0,Unf,2,273,TA,TA,Y,0,192,0,0,0,0,,,,0,4,2010,WD,Normal,110000
1106,60,RL,24.0,5063,Pave,,Reg,Lvl,AllPub,Inside,Mod,CollgCr,Norm,Norm,1Fam,1Story,8,5,1998,2006,Gable,CompShg,Plywood,HdBoard,BrkFace,762.0,Gd,TA,PConc,TA,TA,No,Unf,0,Unf,0,354,1240,GasA,Ex,Y,FuseA,1086,370,0,1668,0,0,1,0,2,1,TA,8,Typ,1,TA,Attchd,1980.0,Fin,2,884,TA,TA,Y,125,0,0,0,0,0,,,,0,8,2008,WD,Normal,210000
842,160,RL,60.0,10226,Pave,,Reg,Bnk,AllPub,Corner,Gtl,Somerst,Norm,Norm,1Fam,1Story,7,5,1971,1963,Hip,CompShg,VinylSd,VinylSd,BrkFace,320.0,Gd,TA,PConc,TA,TA,No,Rec,0,Unf,0,414,1311,GasA,Ex,Y,SBrkr,780,0,0,1092,1,0,1,0,3,1,TA,8,Typ,1,TA,Attchd,1953.0,RFn,2,840,TA,TA,Y,0,262,0,0,0,0,,,,0,1,2008,WD,Partial,337500
820,60,RL,52.0,8400,Pave,,IR1,Lvl,AllPub,Inside,Gtl,OldTown,Norm,Norm,1Fam,1Story,8,6,1962,2003,Gable,CompShg,VinylSd,VinylSd,BrkFace,748.0,TA,TA,PConc,TA,TA,No,LwQ,787,Unf,0,223,1314,GasA,Ex,Y,SBrkr,1223,0,0,2262,0,0,1,0,3,1,Ex,5,Typ,1,Gd,Detchd,1999.0,Unf,2,288,TA,TA,Y,0,0,0,0,0,0,,GdWo,,0,9,2008,New,Normal,155000
1155,60,RL,60.0,11512,Pave,,Reg,Lvl,AllPub,Inside,Gtl,NoRidge,Norm,Norm,1Fam,1Story,7,4,1945,2008,Gable,CompShg,VinylSd,VinylSd,BrkFace,90.0,TA,TA,CBlock,TA,TA,Mn,BLQ,421,Unf,0,1530,1588,GasA,Gd,Y,SBrkr,1554,840,0,1314,0,0,2,0,2,1,Gd,6,Typ,1,TA,Basment,1987.0,RFn,1,1166,TA,TA,Y,0,0,0,0,0,0,,,,0,4,2009,WD,Normal,207500
525,80,RM,82.0,13560,Pave,,Reg,Lvl,AllPub,Inside,Gtl,SawyerW,Norm,Norm,1Fam,1Story,6,5,1965,1995,Gable,CompShg,CemntBd,CmentBd,BrkFace,766.0,Gd,Gd,CBlock,Gd,TA,No,Unf,0,Unf,0,484,1293,GasA,TA,Y,SBrkr,1470,0,0,1630,1,1,2,1,3,1,TA,6,Typ,1,Fa,Attchd,1963.0,RFn,3,576,TA,TA,Y,144,90,0,0,0,0,,,,0,7,2007,WD,Normal,185850
845,20,RL,75.0,11423,Pave,,Reg,Lvl,AllPub,Inside,Gtl,NWAmes,Feedr,Norm,1Fam,SFoyer,7,7,2001,1978,Gable,CompShg,HdBoard,HdBoard,Stone,186.0,TA,TA,PConc,Ex,TA,Av,Unf,1000,Unf,0,725,1368,GasA,Ex,Y,SBrkr,2158,0,0,1357,1,0,1,1,3,1,TA,7,Typ,1,Gd,Detchd,1998.0,Unf,1,1052,TA,TA,Y,0,0,0,0,0,0,,MnPrv,,0,8,2006,WD,Normal,485000
725,50,RL,60.0,9600,Pave,,IR1,Lvl,AllPub,Inside,Gtl,OldTown,Norm,Norm,TwnhsE,2Story,6,5,1905,1994,Gable,CompShg,MetalSd,MetalSd,BrkFace,172.0,Gd,TA,CBlock,TA,TA,No,Rec,0,Unf,0,1573,1026,GasA,TA,Y,SBrkr,1578,0,0,1992,0,0,1,1,1,1,Gd,5,Typ,1,Gd,Detchd,1991.0,Unf,2,564,TA,TA,Y,0,0,0,0,0,0,,,,0,4,2006,WD,Normal,140000
645,20,RL,130.0,7630,Pave,,IR1,Lvl,AllPub,Inside,Mod,mes,Norm,Norm,1Fam,1.5Fin,5,5,2003,2006,Gable,CompShg,MetalSd,MetalSd,BrkFace,650.0,Gd,TA,PConc,Gd,TA,Av,GLQ,624,Unf,0,1240,1561,GasA,Ex,Y,SBrkr,900,0,0,1392,1,0,2,1,3,1,TA,6,Typ,2,Gd,Attchd,1962.0,Unf,2,834,TA,TA,Y,144,110,0,0,0,0,,,,0,6,2008,WD,Normal,326000
281,20,RL,84.0,11344,Pave,,IR1,Lvl,AllPub,Inside,Mod,NridgHt,RRAn,Norm,1Fam,2Story,6,5,1958,1962,Hip,CompShg,VinylSd,VinylSd,BrkFace,528.0,TA,TA,PConc,Gd,TA,No,GLQ,0,Unf,0,138,816,GasA,Ex,Y,SBrkr,1484,0,0,1601,1,0,1,1,3,1,Gd,5,Typ,2,TA,Attchd,1971.0,Fin,2,711,TA,TA,Y,0,0,0,0,0,0,,,,0,6,2009,WD,Normal,165000
891,20,RL,69.0,10200,Pave,,IR1,Lvl,AllPub,Corner,Gtl,OldTown,Norm,Norm,1Fam,2Story,5,5,2005,1999,Gable,CompShg,VinylSd,VinylSd,Stone,168.0,TA,Gd,PConc,TA,Gd,No,ALQ,0,Unf,0,410,1092,GasA,Ex,Y,SBrkr,1325,1097,0,1812,1,0,2,0,4,1,Gd,6,Typ,1,TA,Attchd,1949.0,RFn,2,288,TA,TA,Y,156,44,0,0,0,0,,MnPrv,,0,10,2007,WD,Abnorml,225000
599,20,RL,52.0,10793,Pave,,IR1,Lvl,AllPub,Inside,Gtl,Sawyer,Norm,Norm,1Fam,2Story,8,5,1963,2006,Gable,CompShg,Wd Sdng,Wd Sdng,BrkFace,424.0,Gd,TA,CBlock,Gd,TA,Gd,GLQ,0,Unf,0,1588,1117,GasA,TA,Y,SBrkr,1314,0,0,1086,0,0,2,0,3,1,TA,6,Typ,1,Gd,Attchd,2001.0,Unf,2,868,TA,TA,Y,0,0,0,0,0,0,,,,0,9,2007,WD,Partial,222500
36,60,RL,84.0,10944,Pave,,Reg,Lvl,AllPub,Corner,Gtl,Somerst,Feedr,Norm,1Fam,1Story,5,5,2003,1993,Hip,CompShg,VinylSd,VinylSd,BrkFace,260.0,TA,TA,PConc,Gd,TA,No,GLQ,0,Unf,0,1496,1571,GasA,Ex,Y,SBrkr,1442,0,0,1620,1,0,2,0,3,1,Gd,7,Typ,1,TA,Attchd,2003.0,Unf,1,858,TA,TA,Y,64,0,0,0,0,0,,,,0,7,2007,COD,Normal,254900
518,50,RL,60.0,4590,Pave,,Reg,Bnk,AllPub,Inside,Gtl,CollgCr,Norm,Norm,1Fam,1Story,5,5,2008,2008,Gable,CompShg,AsbShng,Wd Shng,BrkFace,340.0,Gd,TA,CBlock,Gd,TA,No,Unf,0,Unf,0,195,858,GasA,Gd,Y,SBrkr,1588,0,0,1176,1,0,2,1,3,1,Gd,6,Typ,1,Gd,Attchd,2003.0,RFn,2,1020,TA,TA,Y,0,0,0,0,0,0,,,,0,10,2008,New,Normal,307000
759,60,RL,60.0,9200,Pave,,Reg,Lvl,AllPub,Corner,Gtl,mes,Norm,Norm,1Fam,2Story,9,5,1995,2007,Gable,CompShg,WdShing,VinylSd,Stone,448.0,Gd,TA,PConc,Gd,TA,Mn,ALQ,895,Unf,0,1293,1542,GasA,Ex,Y,SBrkr,1301,0,0,2127,0,0,2,1,2,1,TA,7,Typ,1,TA,Detchd,2005.0,Unf,1,676,TA,TA,Y,0,0,0,0,0,0,,GdWo,,0,5,2010,WD,Normal,174000
350,60,FV,71.0,12615,Pave,,Reg,Lvl,AllPub,Inside,Gtl,SawyerW,Norm,Norm,1Fam,2Story,8,5,1978,1961,Gable,CompShg,VinylSd,VinylSd,Stone,44.0,Gd,TA,PConc,Gd,TA,No,GLQ,24,Rec,0,1368,1008,GasA,Ex,Y,FuseA,1368,0,0,1554,1,0,2,0,4,1,Gd,5,Typ,1,TA,Attchd,1963.0,RFn,2,528,TA,TA,Y,0,0,0,0,0,0,,MnPrv,Shed,2000,5,2010,WD,Normal,250000
749,60,RL,60.0,9262,Pave,,Reg,Lvl,AllPub,Corner,Gtl,Timber,Feedr,Norm,1Fam,2Story,5,8,1993,1994,Gable,CompShg,VinylSd,MetalSd,BrkFace,424.0,TA,TA,PConc,TA,TA,No,Rec,0,Unf,0,408,1700,GasA,Ex,Y,SBrkr,1561,0,0,2630,0,0,2,1,3,1,Gd,9,Typ,1,Gd,Attchd,2003.0,RFn,3,621,TA,TA,Y,0,174,0,0,0,0,,MnPrv,,0,10,2006,WD,Normal,149500
833,20,RL,86.0,8400,Pave,Grvl,Reg,Lvl,AllPub,Inside,Gtl,CollgCr,Artery,Norm,1Fam,1Story,6,6,1962,1990,Gable,CompShg,MetalSd,Wd Shng,BrkFace,248.0,TA,TA,CBlock,Gd,TA,Av,GLQ,0,Unf,869,279,816,GasA,Gd,Y,SBrkr,1015,0,0,2158,1,0,2,0,3,1,Gd,7,Typ,2,Gd,Attchd,2008.0,Fin,2,576,TA,TA,Y,0,30,0,0,0,0,,,,0,3,2010,WD,Normal,184750
1370,20,RM,48.0,10542,Pave,,Reg,Lvl,AllPub,Inside,Gtl,Crawfor,Norm,Norm,1Fam,1Story,7,5,2006,2000,Hip,CompShg,WdShing,Other,BrkFace,157.0,Gd,TA,CBlock,Gd,TA,No,GLQ,0,Unf,0,197,1120,GasA,Gd,Y,SBrkr,1092,0,0,1578,1,0,2,0,3,1,Gd,7,Typ,1,TA,Basment,1995.0,Unf,2,575,TA,TA,Y,0,0,0,0,0,0,,,,0,8,2006,WD,Partial,171000
620,60,RL,62.0,5001,Pave,,Reg,Lvl,AllPub,Inside,Gtl,CollgCr,Feedr,Norm,1Fam,1Story,7,6,1931,2000,Gable,CompShg,VinylSd,MetalSd,BrkFace,108.0,TA,TA,PConc,Gd,TA,Av,GLQ,0,Unf,0,1571,641,GasA,Ex,Y,SBrkr,1571,691,0,900,0,0,1,0,1,1,TA,7,Typ,2,TA,Attchd,1978.0,RFn,2,484,TA,TA,Y,0,0,192,0,0,0,,,,0,5,2008,WD,Normal,475000
283,60,RM,75.0,9600,Pave,,IR1,Lvl,AllPub,Corner,Gtl,mes,Norm,Norm,1Fam,1Story,6,5,1941,1953,Gable,CompShg,MetalSd,VinylSd,BrkFace,673.0,Gd,TA,BrkTil,TA,TA,Mn,GLQ,370,Unf,0,311,864,GasA,Ex,Y,FuseA,689,0,0,1484,1,0,1,0,2,1,Gd,6,Typ,1,TA,Detchd,1993.0,Unf,2,525,TA,Fa,Y,0,57,0,0,0,0,,,,0,6,2007,New,Normal,185000
1317,20,RL,82.0,10000,Pave,,IR1,Lvl,AllPub,Inside,Gtl,CollgCr,Norm,Norm,1Fam,1Story,6,5,1965,2007,Gable,CompShg,VinylSd,MetalSd,BrkFace,101.0,TA,TA,PConc,TA,TA,No,Unf,0,Unf,0,589,1112,GasA,Gd,Y,SBrkr,858,0,0,2418,0,0,2,0,3,1,Gd,10,Typ,1,TA,Attchd,1962.0,Fin,2,440,TA,TA,Y,0,27,0,0,120,0,,GdWo,,0,12,2009,WD,Normal,155000
1274,20,RL,24.0,6955,Pave,,IR1,Lvl,AllPub,Inside,Gtl,Somerst,Norm,Norm,TwnhsE,1Story,7,5,2008,2005,Gable,CompShg,MetalSd,VinylSd,Stone,240.0,TA,TA,CBlock,Gd,TA,Gd,GLQ,0,Unf,0,528,1364,GasA,Ex,Y,SBrkr,2073,0,0,1314,0,0,1,0,1,1,TA,7,Typ,1,TA,Attchd,2006.0,RFn,2,510,TA,TA,Y,300,63,0,0,0,0,,,,0,8,2007,WD,Normal,146000
106,30,RL,80.0,7313,Pave,,IR1,Lvl,AllPub,Inside,Gtl,CollgCr,Norm,Norm,1Fam,1Story,5,5,2007,2005,Gable,CompShg,VinylSd,VinylSd,BrkFace,171.0,Gd,TA,PConc,TA,TA,No,Unf,0,Unf,0,344,672,GasA,Ex,Y,SBrkr,1718,0,0,1442,0,0,2,0,2,1,TA,8,Typ,1,TA,Attchd,1931.0,RFn,2,576,TA,TA,Y,0,120,0,0,0,0,,,,0,6,2006,WD,Partial,140000
663,20,FV,80.0,9600,Pave,,Reg,Lvl,AllPub,Inside,Gtl,mes,Norm,Norm,1Fam,1Story,7,5,1961,2002,Gable,CompShg,VinylSd,Plywood,BrkFace,290.0,Gd,Gd,PConc,Gd,TA,Av,ALQ,0,Unf,0,641,1926,GasA,Gd,Y,SBrkr,816,0,0,1588,1,0,1,0,3,1,Gd,6,Typ,1,Gd,Detchd,1999.0,Unf,2,1020,TA,TA,Y,320,54,0,0,0,0,,,,0,12,2006,WD,Normal,501837
540,30,RL,60.0,5000,Pave,,Reg,Lvl,AllPub,Inside,Gtl,OldTown,Norm,Norm,1Fam,1Story,7,5,1994,1998,Gable,CompShg,Plywood,VinylSd,BrkFace,246.0,TA,TA,CBlock,TA,TA,No,Rec,312,Unf,0,92,1833,GasA,Ex,Y,SBrkr,1047,1306,0,1301,0,0,1,1,3,1,Gd,6,Typ,1,Gd,Detchd,2008.0,Unf,2,264,TA,TA,Y,0,0,0,0,0,0,,,,0,6,2010,New,Normal,128000
704,120,FV,101.0,14850,Pave,,IR1,Lvl,AllPub,FR2,Gtl,StoneBr,RRNn,Norm,1Fam,1Story,8,5,1989,1950,Gable,CompShg,VinylSd,VinylSd,Stone,288.0,Gd,TA,PConc,Gd,TA,No,GLQ,0,BLQ,0,705,700,GasA,Ex,Y,SBrkr,1137,887,0,1368,1,0,2,1,3,1,Gd,5,Typ,2,TA,Attchd,2007.0,Fin,3,440,TA,TA,Y,100,136,130,168,0,0,,GdPrv,,0,6,2009,WD,Normal,148000
1270,20,RL,62.0,10991,Pave,,Reg,Lvl,AllPub,Inside,Gtl,NridgHt,Norm,Norm,1Fam,2Story,5,5,2000,2006,Gable,CompShg,VinylSd,MetalSd,BrkFace,305.0,Gd,TA,PConc,Gd,TA,No,Unf,625,Unf,0,672,1153,GasA,Ex,Y,SBrkr,1364,0,0,1561,0,0,2,1,3,1,Gd,7,Typ,1,Gd,Detchd,1961.0,Unf,1,576,TA,TA,Y,166,0,0,0,0,0,,,,0,6,2010,WD,Normal,146000
74,20,FV,98.0,10900,Pave,,IR1,Lvl,AllPub,Inside,Gtl,Sawyer,Norm,Norm,1Fam,2Story,5,6,2000,1950,Gable,CompShg,MetalSd,MetalSd,BrkFace,248.0,TA,TA,PConc,TA,Gd,Av,Rec,0,Unf,311,270,991,GasA,Gd,Y,SBrkr,694,0,0,1015,1,0,2,0,3,1,Gd,6,Typ,2,Gd,Attchd,1970.0,RFn,2,250,TA,TA,Y,0,64,0,0,0,0,,,,0,7,2007,WD,Normal,127000
644,20,RL,51.0,13175,Pave,,Reg,Lvl,AllPub,FR2,Gtl,CollgCr,Norm,Norm,Twnhs,2Story,8,5,1953,2006,Gable,CompShg,MetalSd,VinylSd,BrkFace,284.0,Gd,TA,CBlock,Gd,TA,Mn,GLQ,0,Unf,0,1926,1686,GasA,Ex,Y,SBrkr,1966,0,0,1092,0,0,2,0,3,1,TA,5,Typ,1,TA,Detchd,1994.0,Unf,1,299,TA,TA,Y,0,0,236,0,0,0,,,,0,11,2007,WD,Normal,367294
1427,20,RL,50.0,12456,Pave,,Reg,Lvl,AllPub,Inside,Gtl,Somerst,Norm,Norm,1Fam,1.5Fin,6,8,2007,1995,Gable,CompShg,VinylSd,Wd Sdng,BrkFace,136.0,TA,TA,PConc,Gd,TA,No,ALQ,1163,Unf,0,572,864,GasA,Gd,Y,SBrkr,1850,0,0,1571,0,0,2,1,3,1,Gd,5,Typ,1,TA,Attchd,1989.0,RFn,2,627,TA,TA,Y,180,75,0,0,0,0,,MnWw,,0,7,2007,WD,Normal,258000
632,60,RL,68.0,8700,Pave,,Reg,Lvl,AllPub,Inside,Gtl,Crawfor,Norm,Norm,1Fam,1Story,5,7,1948,2006,Gable,CompShg,Wd Sdng,MetalSd,BrkFace,293.0,TA,Gd,CBlock,Gd,TA,No,GLQ,0,Unf,0,901,1319,GasA,Ex,Y,FuseA,1383,0,0,1392,0,0,1,0,2,1,Gd,7,Typ,2,Gd,Attchd,2000.0,RFn,2,672,TA,TA,Y,0,0,0,0,0,0,,,,0,7,2009,WD,Normal,232000
424,60,RL,75.0,10800,Pave,,Reg,Lvl,AllPub,Corner,Mod,Somerst,Artery,Norm,1Fam,2Story,8,6,2005,1969,Hip,CompShg,MetalSd,MetalSd,,16.0,TA,TA,CBlock,TA,TA,No,Unf,0,Unf,0,769,1626,GasA,Gd,Y,SBrkr,1122,0,0,2073,0,0,2,0,3,1,TA,7,Typ,1,Gd,Attchd,2000.0,Unf,2,746,TA,TA,Y,0,28,216,0,0,0,,,,0,6,2008,WD,Normal,402000
176,160,RL,75.0,13811,Pave,Grvl,Reg,Lvl,AllPub,Corner,Gtl,Gilbert,Norm,Norm,1Fam,1Story,6,7,2004,2009,Gable,CompShg,MetalSd,Wd Sdng,,184.0,Gd,Gd,CBlock,Gd,TA,Av,Unf,0,Unf,0,317,1505,GasA,Ex,Y,SBrkr,1153,0,0,1718,0,0,2,0,3,1,Gd,7,Mod,1,Gd,BuiltIn,1953.0,RFn,2,566,TA,TA,Y,180,0,0,0,0,0,,MnPrv,Shed,1150,6,2008,WD,Normal,138500
1452,50,RM,85.0,7052,Pave,,Reg,Lvl,AllPub,Inside,Mod,Somerst,Norm,Norm,1Fam,1.5Fin,7,6,2001,1999,Gable,CompShg,BrkFace,Wd Sdng,,108.0,TA,TA,BrkTil,TA,TA,Gd,BLQ,0,Unf,0,169,3138,GasW,TA,Y,SBrkr,991,0,0,1128,0,0,1,0,3,1,TA,8,Typ,1,TA,Detchd,2007.0,Unf,2,474,TA,TA,Y,49,0,0,0,0,0,,,,0,1,2006,WD,Normal,162900
719,20,RL,75.0,13518,Pave,,Reg,HLS,AllPub,Inside,Gtl,OldTown,Norm,Norm,1Fam,1Story,7,7,1965,2000,Gable,CompShg,Wd Sdng,CmentBd,,479.0,TA,TA,CBlock,TA,TA,No,ALQ,0,Rec,0,1319,1107,GasA,Ex,Y,SBrkr,1694,0,0,1047,0,0,1,0,2,1,TA,5,Typ,1,Gd,Detchd,1948.0,Unf,1,866,TA,TA,Y,192,140,0,0,0,0,,,,0,8,2006,COD,Abnorml,446261
1158,60,RM,70.0,16033,Pave,,IR1,Lvl,AllPub,CulDSac,Gtl,CollgCr,Norm,Norm,1Fam,SFoyer,6,5,2005,1950,Hip,CompShg,CemntBd,VinylSd,BrkFace,166.0,Gd,TA,CBlock,TA,TA,No,Unf,94,Unf,0,1626,876,GasA,Ex,Y,SBrkr,1537,0,0,1137,1,0,2,0,3,1,Ex,5,Typ,1,TA,Attchd,2005.0,RFn,2,240,TA,TA,Y,0,73,0,0,480,0,,,,0,8,2006,WD,Partial,582933
1331,20,RL,51.0,13474,Pave,,Reg,Lvl,AllPub,Inside,Gtl,mes,Norm,Norm,Twnhs,1Story,5,4,1927,2004,Gable,CompShg,VinylSd,Wd Sdng,,238.0,TA,TA,PConc,Gd,TA,No,LwQ,643,Unf,117,481,1127,GasA,Gd,Y,SBrkr,1634,0,0,1364,1,0,1,1,1,1,Gd,7,Min2,1,Gd,Attchd,2004.0,RFn,2,612,TA,TA,Y,0,45,0,0,0,0,,,,0,1,2009,New,Normal,325000
382,50,RL,42.0,11404,Pave,,IR1,Lvl,AllPub,Corner,Gtl,mes,Norm,Norm,1Fam,1.5Fin,7,5,2005,1993,Hip,CompShg,Wd Sdng,VinylSd,BrkFace,256.0,Gd,TA,CBlock,TA,TA,No,Rec,0,Unf,0,1107,864,GasA,Ex,Y,SBrkr,1505,1281,0,1214,0,0,1,1,3,1,TA,7,Typ,1,Po,Detchd,2001.0,Unf,2,440,TA,TA,Y,0,0,0,0,0,0,,,,0,11,2006,WD,Normal,144000
1307,20,RL,60.0,12552,Pave,,Reg,HLS,AllPub,Inside,Gtl,mes,Norm,Norm,1Fam,2Story,6,7,1965,1950,Gable,CompShg,VinylSd,Wd Sdng,,298.0,TA,TA,PConc,Gd,TA,Av,GLQ,690,Unf,0,312,2216,GasA,Ex,Y,SBrkr,3138,793,0,3140,0,0,2,0,3,1,Gd,5,Typ,1,Gd,Detchd,1977.0,Unf,2,528,TA,TA,Y,0,32,0,0,0,0,,,,0,7,2008,WD,Normal,228500
35,20,RL,,10084,Pave,,IR1,Lvl,AllPub,Corner,Gtl,OldTown,Norm,Norm,1Fam,1.5Fin,6,5,1994,1961,Gable,CompShg,Wd Sdng,HdBoard,,216.0,TA,TA,BrkTil,Gd,TA,No,Unf,0,Unf,0,168,1109,GasA,TA,Y,SBrkr,1518,0,0,1850,0,0,1,0,3,1,TA,8,Typ,1,TA,Detchd,1927.0,Unf,2,528,TA,TA,Y,169,39,0,0,0,0,,,,0,5,2007,WD,Normal,271000
913,50,RL,95.0,8400,Pave,,Reg,Lvl,AllPub,Inside,Gtl,mes,Norm,Norm,1Fam,SLvl,6,7,2006,2006,Gable,CompShg,HdBoard,Plywood,BrkFace,340.0,TA,TA,PConc,TA,TA,No,LwQ,0,Unf,0,210,689,GasA,TA,Y,SBrkr,902,0,0,2243,0,1,2,1,4,1,TA,6,Typ,1,TA,Attchd,2005.0,Unf,1,856,Fa,TA,Y,0,60,0,180,144,0,,MnWw,,0,7,2006,WD,Abnorml,214900
557,60,RL,100.0,11428,Pave,Grvl,IR1,Lvl,AllPub,Inside,Gtl,MeadowV,Norm,Norm,1Fam,1Story,5,6,1969,2008,Gable,CompShg,Plywood,Wd Sdng,,0.0,TA,TA,CBlock,Gd,TA,No,Unf,370,Unf,0,404,864,GasA,Ex,Y,SBrkr,1128,728,0,2031,1,0,2,0,3,1,Ex,7,Typ,1,Fa,Attchd,1920.0,RFn,3,461,TA,TA,Y,0,42,0,0,0,0,,,,0,4,2006,WD,Abnorml,122900
1376,50,RM,,12160,Pave,,Reg,Lvl,AllPub,Inside,Gtl,Gilbert,Norm,Norm,1Fam,1Story,5,5,2009,2000,Gable,CompShg,Wd Sdng,AsphShn,,0.0,TA,TA,BrkTil,Gd,TA,Mn,Unf,655,Unf,0,602,975,GasA,TA,Y,SBrkr,902,956,0,1947,0,0,1,0,3,1,TA,8,Typ,2,TA,Attchd,2005.0,Unf,1,308,TA,TA,Y,0,0,0,0,0,0,,,,0,5,2010,WD,Normal,582933
215,80,RL,71.0,40094,Pave,,Reg,Lvl,AllPub,Corner,Gtl,Gilbert,Norm,Norm,1Fam,1Story,7,7,1999,1950,Gable,CompShg,MetalSd,MetalSd,BrkFace,0.0,TA,Gd,CBlock,Gd,TA,Av,ALQ,0,Unf,0,88,1702,GasA,Gd,Y,FuseA,2234,0,0,1694,0,0,1,0,2,1,TA,7,Typ,1,Gd,Attchd,1965.0,RFn,2,240,TA,TA,Y,192,0,0,0,0,0,,,,0,6,2008,WD,Normal,125000
1457,20,RL,56.0,22950,Pave,,Reg,Lvl,AllPub,FR2,Gtl,Edwards,Norm,Norm,1Fam,1Story,5,5,2000,1976,Hip,CompShg,HdBoard,HdBoard,,0.0,TA,TA,CBlock,TA,TA,No,Rec,565,Unf,0,638,864,GasA,TA,Y,SBrkr,958,0,0,1537,0,0,1,0,4,1,TA,8,Typ,1,Gd,Detchd,2006.0,Fin,2,312,TA,TA,Y,239,547,0,0,0,0,,,,0,4,2010,WD,Normal,141000
995,30,RL,69.0,6240,Pave,,Reg,Lvl,AllPub,Inside,Gtl,mes,Norm,Norm,1Fam,1Story,8,5,1940,1991,Hip,CompShg,VinylSd,VinylSd,,27.0,TA,TA,CBlock,TA,TA,No,ALQ,750,BLQ,0,698,963,GasA,Gd,Y,SBrkr,1155,0,0,1634,0,0,2,0,3,1,TA,5,Typ,1,TA,Attchd,1969.0,RFn,2,220,TA,TA,Y,0,0,0,0,0,0,,,,0,5,2007,WD,Normal,209500
1297,20,RL,60.0,17423,Pave,,Reg,Lvl,AllPub,CulDSac,Gtl,Edwards,Norm,Norm,1Fam,1Story,6,5,2004,1950,Gable,CompShg,HdBoard,HdBoard,BrkCmn,0.0,TA,TA,CBlock,TA,TA,No,BLQ,0,Unf,0,122,1629,GasA,TA,Y,SBrkr,912,0,0,1505,0,0,1,1,3,1,TA,6,Typ,1,Gd,2Types,2009.0,RFn,2,440,TA,TA,Y,0,60,0,0,0,0,,GdPrv,,0,4,2010,WD,Abnorml,176000
107,20,RL,61.0,11782,Pave,,Reg,Lvl,AllPub,Inside,Gtl,mes,Norm,Norm,1Fam,2Story,6,5,1964,1958,Gable,CompShg,VinylSd,VinylSd,,40.0,TA,TA,CBlock,TA,TA,No,ALQ,371,Unf,28,1734,1452,GasA,Ex,Y,SBrkr,1702,0,0,4676,0,0,1,1,3,1,TA,6,Typ,2,TA,Detchd,1999.0,Unf,1,672,TA,TA,Y,0,0,0,0,0,0,,MnPrv,,0,8,2009,WD,Normal,152000
696,20,RL,60.0,9375,Pave,,IR1,Lvl,AllPub,Inside,Gtl,mes,Feedr,Norm,1Fam,2Story,5,7,1920,1971,Hip,CompShg,Wd Sdng,Wd Sdng,BrkFace,0.0,TA,TA,PConc,Gd,TA,No,BLQ,0,Unf,0,305,1734,GasA,TA,Y,SBrkr,963,0,0,3608,0,0,1,0,3,1,Gd,8,Typ,1,Po,Attchd,2000.0,Unf,1,474,TA,TA,Y,0,124,0,0,0,0,,,,0,6,2009,WD,Normal,130000
1057,60,RL,60.0,8769,Pave,,IR1,Lvl,AllPub,Inside,Gtl,Sawyer,Norm,Norm,1Fam,1Story,5,5,1961,1968,Gable,CompShg,VinylSd,VinylSd,,0.0,Gd,TA,CBlock,TA,TA,Mn,Rec,0,Unf,0,386,1092,GasA,Ex,Y,SBrkr,1165,0,0,2234,1,0,2,1,3,1,TA,5,Typ,1,Po,Attchd,1940.0,Fin,2,528,TA,TA,Y,0,36,0,0,0,0,,,,0,3,2009,WD,Normal,250000
1405,60,RL,81.0,12435,Pave,,IR1,Lvl,AllPub,CulDSac,Gtl,Sawyer,Norm,Norm,1Fam,2Story,6,5,2006,1978,Hip,CompShg,VinylSd,VinylSd,Stone,85.0,Ex,TA,PConc,Gd,TA,No,GLQ,0,Unf,0,223,807,GasA,Ex,Y,SBrkr,1686,0,0,1155,0,0,2,0,3,1,Gd,5,Typ,1,TA,Attchd,2004.0,Fin,2,502,TA,TA,Y,144,0,0,0,0,0,,,,0,10,2009,WD,Normal,207500
799,20,RL,,12090,Pave,,IR2,Lvl,AllPub,FR2,Gtl,CollgCr,Norm,Norm,1Fam,1Story,5,6,1949,1997,Gable,CompShg,Wd Sdng,Wd Sdng,,0.0,TA,TA,PConc,TA,TA,No,Rec,0,Unf,0,193,1223,GasA,Ex,Y,FuseA,1052,0,0,1392,0,0,1,1,3,1,Ex,5,Typ,1,Gd,Attchd,1964.0,RFn,2,576,TA,TA,Y,0,80,0,0,0,0,,,,0,7,2009,WD,Normal,147000
481,60,RL,60.0,46589,Pave,,IR1,Lvl,AllPub,Inside,Gtl,mes,Norm,Norm,1Fam,1.5Fin,6,5,2000,1998,Gable,CompShg,VinylSd,VinylSd,BrkFace,0.0,Gd,TA,BrkTil,Gd,Fa,Av,Unf,572,Unf,0,672,864,GasA,Ex,Y,SBrkr,1476,0,0,1702,1,0,2,1,3,1,TA,6,Typ,2,Gd,Attchd,1994.0,Unf,1,750,TA,TA,Y,188,28,0,0,0,0,,,,0,6,2007,WD,Abnorml,337000
307,20,RL,63.0,8400,Pave,,IR1,HLS,AllPub,Inside,Gtl,Gilbert,Norm,Norm,1Fam,2Story,6,5,1976,2005,Gable,CompShg,CemntBd,CmentBd,Stone,135.0,Ex,TA,PConc,Ex,TA,Gd,GLQ,965,Unf,0,1734,817,GasA,Ex,Y,SBrkr,1734,1038,0,1792,0,0,2,1,3,1,Gd,7,Typ,1,Gd,BuiltIn,1962.0,Fin,2,721,TA,TA,Y,72,0,0,0,0,0,,,,0,10,2009,New,Partial,170000
733,50,FV,80.0,10140,Pave,,IR1,Lvl,AllPub,Inside,Gtl,Gilbert,Norm,Norm,1Fam,1Story,6,5,1958,2007,Gable,CompShg,VinylSd,VinylSd,Stone,0.0,Gd,TA,PConc,TA,TA,No,Unf,0,Unf,0,702,672,GasA,Ex,Y,SBrkr,1026,0,0,2263,0,0,1,0,4,1,Ex,6,Typ,1,TA,Attchd,1920.0,Fin,3,440,TA,TA,Y,120,0,0,0,0,0,,,,0,9,2009,New,Partial,140000
159,60,RL,70.0,14948,Pave,,Reg,Lvl,AllPub,Inside,Gtl,Crawfor,Norm,Norm,1Fam,1Story,6,6,1936,1950,Gable,CompShg,VinylSd,VinylSd,Stone,0.0,Gd,TA,PConc,Gd,TA,No,GLQ,35,Unf,0,197,1734,GasA,Ex,Y,SBrkr,1092,831,0,2448,1,0,2,0,2,1,Gd,6,Typ,1,Gd,Detchd,1961.0,Unf,1,574,TA,TA,Y,0,0,0,0,0,0,,,,0,6,2007,New,Partial,160000
7,20,RL,59.0,13891,Pave,,IR1,Lvl,AllPub,Inside,Gtl,NoRidge,Feedr,Norm,1Fam,1Story,9,7,1965,1995,Gable,CompShg,MetalSd,MetalSd,BrkFace,328.0,TA,Gd,PConc,Ex,TA,Mn,GLQ,222,Unf,0,1530,1392,GasA,Ex,Y,SBrkr,1175,0,0,1052,0,0,2,0,3,1,Gd,7,Typ,0,,Attchd,2006.0,RFn,3,484,Fa,TA,Y,0,0,0,0,0,0,,MnPrv,,0,5,2010,WD,Abnorml,125000
1436,20,RL,60.0,8250,Pave,,Reg,Lvl,AllPub,FR2,Gtl,Somerst,Feedr,Norm,1Fam,SFoyer,5,7,1958,2009,Hip,CompShg,VinylSd,VinylSd,,0.0,TA,TA,PConc,Gd,TA,No,Unf,1358,Unf,0,728,702,GasA,Ex,Y,SBrkr,1258,0,0,2713,0,0,2,0,3,1,Gd,7,Typ,0,,Attchd,1949.0,Fin,3,296,TA,TA,Y,0,0,0,0,0,0,,,,0,5,2008,WD,Normal,113000
469,20,RL,50.0,11287,Pave,,Reg,Lvl,AllPub,Inside,Gtl,NridgHt,Norm,Norm,1Fam,1Story,7,6,1971,2009,Gable,CompShg,MetalSd,MetalSd,,176.0,TA,TA,CBlock,Gd,TA,Av,Unf,661,Unf,0,170,1092,GasA,TA,Y,SBrkr,1223,1208,0,2822,1,0,2,0,3,1,Gd,9,Min2,0,,Attchd,2000.0,RFn,2,866,TA,TA,Y,0,0,0,0,0,0,,GdWo,,0,11,2009,WD,Normal,160000
890,85,RL,60.0,10944,Pave,,IR1,Lvl,AllPub,Inside,Gtl,Somerst,Norm,Norm,1Fam,1Story,9,7,1968,2007,Gable,CompShg,VinylSd,VinylSd,,0.0,TA,TA,PConc,TA,TA,Gd,GLQ,0,Unf,0,1626,1554,GasA,Ex,Y,SBrkr,958,0,0,1092,1,0,1,0,3,1,TA,7,Mod,1,Po,Attchd,1976.0,RFn,3,592,TA,TA,Y,0,39,0,0,0,0,,,,0,4,2010,WD,Normal,163000
524,20,RL,106.0,11316,Pave,,Reg,Lvl,AllPub,CulDSac,Gtl,mes,Norm,Norm,1Fam,1Story,7,5,1978,1963,Gable,CompShg,HdBoard,HdBoard,,160.0,Gd,TA,PConc,TA,TA,No,BLQ,1422,Unf,0,0,936,GasA,Ex,Y,SBrkr,824,0,0,1982,1,0,1,1,3,1,TA,7,Typ,1,TA,Attchd,1998.0,RFn,2,484,TA,TA,Y,0,0,0,0,0,0,,,,0,7,2006,WD,Normal,175500
186,20,RL,66.0,8064,Pave,,Reg,Lvl,AllPub,Corner,Gtl,Sawyer,Norm,Norm,1Fam,2Story,7,2,1997,2003,Gable,CompShg,MetalSd,MetalSd,,0.0,TA,Fa,BrkTil,TA,TA,No,BLQ,0,Unf,0,660,1626,GasA,Gd,Y,SBrkr,672,0,0,1258,0,0,1,0,2,1,Gd,7,Maj2,0,,Attchd,1968.0,RFn,2,456,TA,TA,Y,335,114,0,0,0,0,,,,0,11,2007,WD,Abnorml,172500
179,20,RM,69.0,13891,Pave,,IR1,Lvl,AllPub,Corner,Gtl,mes,Norm,Norm,1Fam,1Story,6,7,1958,1953,Gable,CompShg,MetalSd,MetalSd,BrkFace,290.0,TA,TA,CBlock,Gd,TA,No,GLQ,20,LwQ,0,89,1686,GasA,TA,Y,SBrkr,1734,482,0,2127,1,0,1,1,4,1,TA,6,Typ,1,Gd,Attchd,1978.0,Unf,1,471,TA,TA,Y,0,130,0,0,0,0,,,,0,3,2007,WD,Normal,232000
879,60,RL,50.0,9600,Pave,,Reg,Lvl,AllPub,Inside,Gtl,mes,Norm,Norm,1Fam,1.5Fin,5,5,2005,2007,Gable,CompShg,VinylSd,VinylSd,BrkFace,162.0,Gd,TA,PConc,Fa,TA,No,Unf,553,Unf,0,300,864,GasA,Ex,Y,SBrkr,842,0,0,1894,0,0,2,0,2,1,TA,5,Typ,0,,Detchd,1958.0,Unf,1,463,TA,TA,Y,100,114,0,0,0,0,,,,0,3,2006,New,Partial,280000
1229,30,RL,75.0,14850,Pave,Pave,IR1,Lvl,AllPub,Inside,Mod,NoRidge,Norm,Norm,TwnhsE,1Story,5,5,2006,2000,Gable,CompShg,MetalSd,MetalSd,,268.0,Gd,TA,PConc,TA,TA,Mn,Rec,0,Unf,0,641,1252,GasA,Ex,Y,SBrkr,1092,0,0,924,0,0,1,1,3,1,Gd,5,Typ,0,,Attchd,2005.0,RFn,2,628,TA,TA,Y,201,0,0,0,0,0,,,,0,4,2006,WD,Abnorml,290000
259,50,FV,75.0,4590,Pave,,Reg,HLS,AllPub,Inside,Gtl,Crawfor,Norm,Norm,TwnhsE,2Story,5,4,1995,1950,Gable,CompShg,HdBoard,Plywood,BrkFace,0.0,TA,TA,CBlock,Gd,TA,Av,GLQ,24,LwQ,180,445,796,GasA,TA,Y,SBrkr,1554,0,0,2822,0,0,1,1,2,1,Gd,5,Typ,2,Gd,Detchd,2006.0,Unf,1,678,TA,Po,Y,192,0,0,0,100,0,,,,0,11,2006,WD,Normal,146000
404,120,RL,70.0,7200,Pave,,Reg,Lvl,AllPub,CulDSac,Gtl,Blmngtn,Norm,Norm,1Fam,1Story,7,9,2009,1950,Gable,CompShg,VinylSd,VinylSd,,156.0,TA,Gd,CBlock,Gd,TA,No,Unf,772,Unf,0,482,1088,GasA,Ex,Y,SBrkr,1634,0,0,1472,0,1,2,0,2,1,TA,9,Typ,0,,Detchd,1995.0,Unf,2,670,TA,Fa,Y,224,0,0,0,0,0,,,,0,5,2006,WD,Normal,236000
662,160,RL,109.0,10800,Pave,,Reg,Lvl,AllPub,Inside,Gtl,Somerst,Norm,Norm,1Fam,SLvl,5,6,2009,2006,Gable,CompShg,Plywood,Plywood,,0.0,Gd,TA,PConc,TA,TA,No,BLQ,378,Unf,0,554,482,GasA,TA,Y,SBrkr,1686,0,0,1092,0,0,2,1,3,1,Gd,6,Typ,1,TA,Attchd,2009.0,Fin,2,884,TA,TA,Y,195,0,0,0,0,0,,,,0,4,2010,WD,Normal,165000
1296,20,RL,,11428,Pave,Pave,IR1,Lvl,AllPub,Inside,Gtl,Edwards,PosN,Norm,1Fam,1Story,6,6,2007,2005,Gable,CompShg,Wd Sdng,Wd Shng,,0.0,TA,TA,BrkTil,TA,Gd,Av,GLQ,0,Unf,0,315,1052,GasA,Gd,Y,SBrkr,1268,0,0,1554,1,0,1,0,5,1,Gd,7,Typ,0,,Detchd,2009.0,RFn,2,360,TA,TA,Y,0,0,0,0,0,0,,,,0,7,2009,WD,Normal,250000
1294,80,RL,65.0,10240,Pave,Grvl,Reg,Lvl,AllPub,Inside,Gtl,Sawyer,Norm,Norm,1Fam,1.5Fin,7,7,1963,1959,Gable,CompShg,MetalSd,MetalSd,,0.0,TA,TA,CBlock,Gd,TA,Gd,GLQ,0,Unf,0,878,1657,GasA,Ex,Y,SBrkr,1200,0,0,1466,0,0,2,0,3,1,TA,5,Typ,0,,Attchd,2007.0,Fin,2,758,TA,TA,Y,0,0,0,0,0,0,,MnPrv,,0,6,2008,WD,Normal,105000
528,50,RM,66.0,10410,Pave,,IR1,Bnk,AllPub,Inside,Gtl,BrkSide,Norm,Norm,1Fam,2Story,7,5,1967,2001,Gable,CompShg,VinylSd,VinylSd,,0.0,Gd,TA,PConc,TA,TA,No,Unf,536,Unf,0,638,1203,GasA,Ex,Y,FuseA,798,714,0,1776,0,0,1,1,3,1,Gd,6,Typ,0,,Attchd,1963.0,Unf,1,240,TA,TA,Y,120,0,0,0,0,0,,,,0,8,2006,New,Partial,110000
804,60,FV,42.0,9430,Pave,,Reg,Lvl,AllPub,Inside,Gtl,IDOTRR,Norm,Norm,1Fam,2Story,5,7,1953,1994,Gable,CompShg,HdBoard,HdBoard,,0.0,TA,TA,CBlock,TA,TA,No,Unf,0,Unf,0,300,1099,GasA,TA,Y,SBrkr,1324,0,0,1634,0,0,2,1,4,1,TA,10,Typ,1,TA,Attchd,1953.0,Fin,2,360,TA,TA,Y,0,140,0,0,0,0,,,,0,6,2008,WD,Normal,264132
210,60,RL,82.0,6000,Pave,,Reg,Lvl,AllPub,Inside,Gtl,Somerst,Norm,Norm,1Fam,2Story,7,8,1992,1995,Gable,CompShg,Wd Sdng,Wd Sdng,BrkFace,16.0,TA,TA,CBlock,Gd,Gd,No,Unf,493,Unf,0,728,1626,GasA,Gd,Y,SBrkr,1221,0,0,1686,0,0,2,1,3,1,Gd,7,Typ,1,Fa,Detchd,1967.0,Unf,2,776,TA,TA,Y,0,0,0,0,0,0,,MnWw,,0,7,2007,WD,Normal,179900
281,60,RL,85.0,8400,Pave,,Reg,Lvl,AllPub,FR2,Mod,NWAmes,Feedr,Norm,1Fam,1Story,6,8,1920,2006,Hip,CompShg,MetalSd,MetalSd,,0.0,TA,TA,CBlock,TA,TA,No,ALQ,553,Unf,0,1626,1498,GasA,Ex,Y,SBrkr,1328,1306,0,2365,0,1,2,0,3,1,TA,6,Typ,1,TA,Detchd,1992.0,Unf,1,390,TA,TA,Y,0,0,0,0,0,0,,,,0,5,2007,WD,Normal,139950
1427,20,RL,79.0,9600,Pave,,Reg,Lvl,AllPub,Inside,Gtl,mes,Norm,Norm,1Fam,2Story,6,7,2005,1997,Gable,CompShg,Wd Sdng,Wd Sdng,,132.0,Gd,TA,CBlock,TA,TA,Gd,BLQ,0,Rec,0,506,1234,GasA,TA,Y,SBrkr,1668,0,0,1200,0,0,2,1,3,1,Gd,9,Typ,2,Gd,Attchd,1920.0,RFn,2,440,TA,TA,Y,0,60,239,0,0,0,,MnPrv,,0,7,2007,WD,Normal,335000
965,60,RL,83.0,8741,Pave,,Reg,Lvl,AllPub,Corner,Gtl,OldTown,Norm,Norm,1Fam,2Story,7,7,2005,1993,Gable,CompShg,Wd Sdng,Wd Sdng,,0.0,TA,TA,BrkTil,Gd,TA,Gd,ALQ,0,Rec,0,1498,1144,GasA,Ex,Y,SBrkr,1214,0,0,1487,1,0,2,1,4,1,Gd,7,Typ,0,,Attchd,1977.0,RFn,2,240,TA,TA,Y,0,0,0,0,0,0,,,,0,10,2006,WD,Normal,179000
891,70,RM,80.0,8658,Pave,,IR1,Lvl,AllPub,Inside,Gtl,CollgCr,Norm,Norm,1Fam,1Story,6,5,1959,1976,Hip,CompShg,VinylSd,VinylSd,BrkFace,0.0,Gd,TA,PConc,TA,TA,Gd,LwQ,0,Unf,0,1234,1210,GasA,Ex,Y,SBrkr,1012,0,0,1324,1,0,1,0,1,1,Gd,6,Typ,1,Gd,Attchd,2005.0,RFn,2,626,TA,TA,Y,0,50,0,0,0,0,,,,0,1,2008,WD,Normal,217000
804,120,RM,79.0,10800,Pave,,Reg,Lvl,AllPub,Inside,Gtl,StoneBr,Norm,Norm,TwnhsE,1Story,6,5,1965,2003,Gable,CompShg,VinylSd,VinylSd,Stone,0.0,Gd,TA,PConc,Fa,TA,No,Unf,567,ALQ,117,572,982,GasA,Ex,Y,SBrkr,1431,0,0,1912,1,0,1,1,3,1,Gd,9,Typ,1,Gd,Attchd,2005.0,RFn,2,440,TA,TA,Y,0,42,0,0,0,0,,,,0,7,2009,New,Partial,254900
1193,20,RL,60.0,10635,Pave,,Reg,Lvl,AllPub,Inside,Gtl,mes,Norm,Norm,1Fam,1Story,6,7,1906,1950,Hip,CompShg,HdBoard,HdBoard,Stone,0.0,TA,TA,CBlock,Gd,TA,Av,GLQ,0,Unf,0,245,1809,GasA,Ex,Y,SBrkr,1634,0,0,1668,0,0,2,0,3,1,TA,8,Typ,0,,Attchd,1959.0,RFn,2,463,TA,TA,Y,268,0,0,0,0,0,,MnPrv,,0,7,2008,WD,Normal,272000
557,20,RL,60.0,9950,Pave,,IR1,Lvl,AllPub,Inside,Gtl,Veenker,Norm,Norm,1Fam,2Story,7,7,2006,2004,Hip,CompShg,Wd Sdng,Wd Sdng,,0.0,Gd,TA,CBlock,Ex,TA,Mn,Unf,438,Unf,0,982,991,GasA,TA,Y,SBrkr,1506,0,0,2520,1,0,1,1,3,1,Gd,7,Typ,2,Gd,Detchd,1965.0,Unf,2,528,TA,TA,Y,0,47,0,0,0,0,,MnPrv,,0,7,2007,WD,Normal,146000
632,60,RL,43.0,2280,Pave,Pave,Reg,Lvl,AllPub,Inside,Gtl,Somerst,Norm,Norm,1Fam,1Story,7,5,1964,2008,Gable,CompShg,VinylSd,VinylSd,,0.0,Gd,TA,PConc,Gd,TA,No,Rec,0,Unf,0,905,1581,GasA,Ex,Y,SBrkr,1144,0,0,1949,1,0,2,0,2,1,Gd,6,Typ,1,Gd,Attchd,1906.0,RFn,2,520,TA,TA,Y,57,0,0,0,0,0,,,,0,8,2006,New,Partial,319000
1077,20,FV,134.0,9938,Pave,,IR1,Lvl,AllPub,FR2,Gtl,CollgCr,Norm,Norm,1Fam,1Story,6,5,1976,1964,Gable,CompShg,VinylSd,VinylSd,BrkFace,340.0,Gd,TA,PConc,TA,TA,Gd,LwQ,1320,Unf,0,769,864,GasA,Ex,Y,SBrkr,936,0,0,1431,1,0,2,0,3,1,Gd,9,Typ,1,TA,Attchd,2006.0,Fin,3,690,TA,TA,Y,0,0,0,0,0,0,,,,0,5,2010,WD,Normal,194700
469,20,RL,60.0,9150,Pave,,Reg,Lvl,AllPub,Corner,Gtl,NWAmes,PosN,Norm,1Fam,2Story,8,6,1920,2003,Hip,CompShg,HdBoard,HdBoard,Stone,0.0,TA,TA,CBlock,Gd,Gd,No,Unf,0,ALQ,0,223,1008,GasA,Ex,Y,SBrkr,774,0,0,1634,1,0,2,1,3,1,TA,5,Typ,2,TA,Attchd,1964.0,RFn,2,504,TA,Gd,Y,239,82,0,0,0,0,,,Shed,350,11,2009,WD,Normal,62383
925,60,RL,65.0,11428,Pave,,IR2,Lvl,AllPub,Inside,Gtl,Somerst,Norm,Norm,1Fam,1Story,6,5,2004,2006,Gable,CompShg,VinylSd,VinylSd,,0.0,Gd,TA,PConc,Gd,TA,Av,BLQ,565,Unf,0,203,1814,GasA,Ex,Y,SBrkr,1238,0,0,1506,1,0,2,0,3,1,Gd,8,Typ,0,,Attchd,1976.0,RFn,2,750,TA,TA,Y,220,0,0,0,0,0,,,,0,7,2007,WD,Normal,214000
764,20,FV,90.0,6120,Pave,,IR1,Lvl,AllPub,Inside,Gtl,OldTown,Norm,Norm,1Fam,1Story,7,4,2008,2003,Gable,CompShg,MetalSd,Stucco,,0.0,TA,TA,BrkTil,Gd,TA,Mn,ALQ,1121,GLQ,972,1008,1362,GasA,TA,Y,SBrkr,1007,0,0,1144,0,0,2,0,2,1,TA,7,Maj2,0,,Attchd,1989.0,RFn,2,288,TA,TA,Y,322,47,0,0,0,0,,,,0,6,2009,WD,Normal,187000
240,30,RM,80.0,14587,Pave,,Reg,Lvl,AllPub,Inside,Gtl,CollgCr,Norm,Norm,1Fam,2Story,7,5,1964,1973,Hip,CompShg,VinylSd,VinylSd,,205.0,TA,TA,PConc,Gd,TA,Av,GLQ,0,BLQ,32,392,864,GasW,Ex,Y,SBrkr,2259,689,0,2519,1,0,1,1,3,1,Gd,7,Typ,0,,Attchd,2004.0,Fin,2,450,TA,TA,Y,0,121,0,0,0,0,,MnPrv,,0,8,2009,WD,Normal,256000
41,60,RL,80.0,7875,Pave,,Reg,Lvl,AllPub,Inside,Gtl,Somerst,Norm,Norm,1Fam,2Story,8,6,1974,2006,Gable,CompShg,CemntBd,CmentBd,,464.0,Gd,TA,PConc,TA,TA,No,ALQ,0,Unf,0,1342,756,GasA,Ex,Y,SBrkr,991,713,0,1800,1,0,2,1,3,1,Gd,7,Typ,0,,Attchd,2008.0,RFn,2,440,TA,TA,Y,220,262,228,0,0,0,,,,0,5,2008,WD,Normal,230500
1394,60,FV,60.0,26178,Pave,,IR1,Lvl,AllPub,Inside,Gtl,OldTown,Norm,Norm,1Fam,2.5Fin,7,9,2006,2006,Gable,CompShg,CemntBd,CmentBd,,260.0,TA,TA,BrkTil,Gd,TA,No,GLQ,763,Rec,0,0,735,GasA,Ex,Y,SBrkr,1601,831,0,2259,0,0,2,0,3,1,Gd,7,Typ,1,Ex,Attchd,1964.0,RFn,3,758,TA,TA,Y,216,204,0,0,0,0,,,,0,5,2008,WD,Normal,185000
1370,75,RM,80.0,8123,Pave,,Reg,Lvl,AllPub,Inside,Gtl,OldTown,Norm,Norm,1Fam,1.5Fin,8,6,2003,1997,Gable,CompShg,VinylSd,VinylSd,,0.0,TA,TA,BrkTil,Gd,TA,No,Unf,428,Unf,0,220,822,GasA,Fa,Y,SBrkr,1200,0,0,1947,0,0,3,0,2,1,TA,10,Typ,0,,Detchd,1974.0,Unf,1,721,TA,TA,Y,0,30,0,0,0,0,,GdWo,,0,5,2009,WD,Abnorml,150000
227,50,RM,75.0,21000,Pave,,Reg,Lvl,AllPub,Inside,Gtl,CollgCr,Norm,Norm,1Fam,1Story,5,5,1973,2007,Gable,CompShg,VinylSd,VinylSd,,0.0,TA,TA,PConc,TA,TA,No,Unf,0,Unf,0,169,864,GasA,Gd,Y,SBrkr,1826,651,0,1601,0,0,1,0,3,1,TA,6,Typ,0,,Attchd,2006.0,RFn,2,478,TA,TA,Y,235,99,0,0,0,0,,,,0,4,2007,WD,Normal,115000
870,20,RL,60.0,12552,Pave,,Reg,Lvl,AllPub,Corner,Gtl,Somerst,Norm,Norm,1Fam,2Story,6,5,2006,2002,Gable,CompShg,VinylSd,VinylSd,,171.0,Gd,TA,PConc,TA,TA,No,Unf,0,Unf,0,1017,832,GasA,Ex,Y,SBrkr,1362,0,0,1200,0,0,1,1,3,1,Gd,5,Typ,1,Gd,Attchd,2003.0,RFn,2,480,TA,TA,Y,0,0,0,0,0,0,,GdWo,,0,5,2010,WD,Normal,158900
368,60,FV,48.0,11423,Pave,,Reg,Lvl,AllPub,Corner,Gtl,Gilbert,Norm,Norm,1Fam,2Story,7,5,1997,1950,Gable,CompShg,VinylSd,VinylSd,BrkFace,240.0,Gd,TA,PConc,Gd,TA,No,GLQ,0,Unf,0,1670,1510,GasA,Ex,Y,SBrkr,764,0,0,1028,0,0,2,1,3,1,Gd,8,Typ,1,TA,Attchd,1973.0,Unf,3,450,TA,TA,Y,0,0,0,0,0,0,,,,0,11,2006,WD,Normal,155000
469,60,RL,,9230,Pave,,Reg,Lvl,AllPub,Corner,Gtl,Edwards,Norm,Norm,1Fam,1Story,7,5,2007,1994,Gable,CompShg,Wd Sdng,Wd Sdng,,0.0,TA,TA,BrkTil,Gd,TA,No,GLQ,176,Unf,0,1406,1050,GasA,Fa,Y,SBrkr,1422,0,0,1826,0,0,2,0,2,1,TA,7,Typ,0,,Attchd,2006.0,Unf,1,270,TA,TA,Y,0,0,0,0,0,0,,,Shed,400,5,2010,COD,Abnorml,174000
766,30,RL,84.0,8960,Pave,,IR1,Lvl,AllPub,Inside,Gtl,CollgCr,Norm,Norm,1Fam,1Story,3,5,1880,2005,Gable,CompShg,VinylSd,VinylSd,,0.0,TA,TA,PConc,Gd,TA,No,Unf,0,Unf,0,490,1670,GasA,Ex,Y,SBrkr,1020,651,0,1362,0,1,1,0,3,1,TA,5,Typ,0,,Attchd,1997.0,RFn,2,438,TA,TA,Y,0,64,0,0,0,0,,,,0,2,2008,WD,Normal,377500
835,20,RL,60.0,11302,Pave,,Reg,Lvl,AllPub,Inside,Gtl,SawyerW,Norm,Norm,1Fam,1Story,5,5,1994,2000,Gable,CompShg,VinylSd,VinylSd,,0.0,Gd,TA,PConc,TA,TA,No,ALQ,0,Unf,0,413,768,GasA,Ex,Y,SBrkr,832,0,0,2060,0,0,1,0,3,1,Gd,5,Typ,1,Fa,Attchd,2007.0,RFn,2,480,TA,TA,Y,0,136,0,0,0,0,,,,0,8,2007,WD,Normal,290000
693,20,RL,65.0,7577,Pave,,IR2,Lvl,AllPub,Inside,Gtl,Gilbert,Norm,Norm,1Fam,2Story,7,5,2004,1950,Gable,CompShg,VinylSd,VinylSd,,0.0,Gd,TA,PConc,Gd,TA,No,GLQ,0,Unf,0,0,1406,GasA,Ex,Y,SBrkr,1584,0,0,1851,1,0,2,1,4,1,Gd,5,Typ,1,Gd,Basment,2003.0,Unf,1,528,Fa,TA,Y,0,124,0,0,0,0,,,,0,7,2007,WD,Normal,370878
380,60,RL,65.0,8281,Pave,,IR1,Lvl,AllPub,Inside,Gtl,IDOTRR,Norm,Norm,1Fam,1Story,8,3,2000,1995,Gable,CompShg,AsbShng,AsbShng,,0.0,TA,TA,CBlock,Gd,TA,Gd,GLQ,536,Unf,0,234,1008,GasA,TA,N,SBrkr,1670,983,0,2792,0,0,2,0,1,1,TA,8,Typ,0,,Detchd,1996.0,Unf,2,364,TA,TA,Y,188,0,0,0,0,0,,,,0,10,2006,WD,Abnorml,137500
114,20,RL,50.0,8755,Pave,,Reg,Lvl,AllPub,Inside,Gtl,mes,Norm,Norm,1Fam,1Story,5,5,1920,1998,Gable,CompShg,Wd Sdng,Wd Sdng,BrkFace,0.0,TA,TA,CBlock,Gd,TA,Av,Unf,0,Unf,0,426,864,GasA,Ex,Y,SBrkr,1454,0,0,1670,1,0,2,0,3,1,TA,4,Typ,1,TA,Attchd,2004.0,RFn,2,216,TA,TA,Y,0,0,0,0,0,0,,GdWo,,0,12,2006,WD,Abnorml,130000
159,20,RL,65.0,9760,Pave,,Reg,Lvl,AllPub,Inside,Gtl,Edwards,Norm,Norm,1Fam,1Story,5,5,1994,2005,Gable,CompShg,HdBoard,HdBoard,BrkFace,0.0,TA,TA,CBlock,TA,TA,Av,BLQ,0,Unf,0,638,672,GasA,TA,Y,FuseA,1062,0,0,1716,0,0,1,0,3,1,TA,6,Typ,0,,BuiltIn,2000.0,Fin,2,440,TA,TA,P,0,25,0,0,0,0,,,,0,5,2007,WD,Normal,123000
540,20,RL,100.0,10440,Pave,,Reg,HLS,AllPub,Inside,Gtl,SawyerW,RRAe,Norm,1Fam,1Story,7,5,1998,1950,Hip,CompShg,VinylSd,VinylSd,,40.0,Gd,TA,PConc,TA,TA,No,Rec,787,Unf,0,645,1746,GasA,Ex,Y,SBrkr,1053,0,0,1936,1,0,1,1,3,1,TA,6,Typ,0,,Detchd,1920.0,Unf,1,460,TA,TA,Y,100,48,0,0,0,0,,,,0,3,2006,WD,Abnorml,149900
1094,20,RL,106.0,14859,Pave,,Reg,Lvl,AllPub,Inside,Gtl,Sawyer,Norm,Norm,1Fam,1Story,7,6,2004,1965,Gable,CompShg,Plywood,Plywood,BrkFace,0.0,TA,TA,CBlock,TA,TA,No,Rec,0,Unf,0,173,1203,GasA,TA,Y,SBrkr,894,956,0,1053,0,0,1,0,3,1,TA,6,Typ,0,,Attchd,1996.0,RFn,2,576,TA,TA,Y,0,0,0,0,0,0,,,,0,7,2009,WD,Normal,260000
414,20,RM,85.0,11194,Pave,,Reg,Lvl,AllPub,Inside,Gtl,CollgCr,Norm,Norm,1Fam,1Story,6,5,1949,2005,Gable,CompShg,VinylSd,VinylSd,BrkFace,0.0,Gd,TA,PConc,Gd,TA,No,Unf,370,Unf,0,0,1766,GasA,Ex,Y,SBrkr,672,482,0,1664,0,0,1,0,1,1,Gd,6,Typ,0,,Attchd,1998.0,Fin,1,420,TA,TA,Y,0,138,0,0,0,0,,,,0,3,2008,WD,Normal,240000
596,120,RL,59.0,8973,Pave,,Reg,Lvl,AllPub,Inside,Gtl,NWAmes,Feedr,Norm,TwnhsE,1Story,6,5,1965,1977,Gable,CompShg,Plywood,Plywood,BrkFace,0.0,TA,TA,CBlock,TA,TA,No,BLQ,859,Unf,0,0,1502,GasA,TA,Y,SBrkr,1746,0,0,894,1,0,2,0,4,1,TA,8,Typ,0,,Detchd,2004.0,Unf,2,834,TA,TA,Y,120,0,0,0,0,0,,,,0,11,2008,WD,Normal,187000
690,20,RL,50.0,10500,Pave,,IR1,Lvl,AllPub,Inside,Gtl,mes,Norm,Norm,1Fam,1Story,5,7,1965,2003,Gable,CompShg,Wd Sdng,Wd Sdng,BrkFace,0.0,TA,TA,CBlock,Gd,TA,Av,GLQ,24,Unf,0,0,936,GasA,TA,Y,SBrkr,1214,0,0,1386,0,0,1,0,3,1,TA,6,Typ,0,,Detchd,1958.0,Unf,2,504,TA,TA,Y,0,0,0,0,0,0,,,,0,7,2008,WD,Normal,157000
463,20,RL,84.0,11616,Pave,,IR1,Lvl,AllPub,CulDSac,Gtl,CollgCr,Norm,Norm,1Fam,1Story,6,5,2005,1973,Hip,CompShg,VinylSd,VinylSd,BrkFace,0.0,Gd,TA,PConc,TA,TA,No,Unf,821,Unf,0,1232,894,GasA,Ex,Y,SBrkr,1766,0,0,1746,1,0,2,0,3,1,Gd,7,Typ,1,TA,Attchd,1965.0,Fin,2,572,TA,TA,Y,192,0,0,0,0,0,,,,0,8,2006,WD,Normal,149000
942,20,RL,73.0,14892,Pave,,IR2,Lvl,AllPub,Inside,Gtl,Timber,Norm,Norm,1Fam,1Story,5,6,1977,2002,Hip,CompShg,HdBoard,HdBoard,BrkFace,101.0,TA,TA,CBlock,TA,TA,No,ALQ,0,Unf,0,1290,1466,GasA,Gd,Y,SBrkr,1054,0,0,2520,0,0,2,0,2,1,Gd,5,Typ,1,TA,Detchd,1965.0,Unf,2,502,TA,TA,Y,0,0,0,0,0,0,,,,0,7,2006,WD,Normal,372500
993,75,RL,63.0,9950,Pave,,IR1,Lvl,AllPub,Inside,Gtl,SWISU,Norm,Norm,1Fam,2.5Fin,5,5,2003,1987,Gable,CompShg,Wd Sdng,Wd Sdng,,0.0,Gd,TA,PConc,Gd,TA,Gd,Unf,0,Unf,0,0,756,GasA,TA,N,SBrkr,894,0,0,1766,1,0,1,0,5,1,TA,10,Typ,0,,Attchd,2005.0,Unf,1,484,TA,TA,Y,0,0,0,0,0,0,,,,0,3,2006,WD,Normal,145000
1329,20,RL,71.0,9187,Pave,,Reg,Bnk,AllPub,Inside,Gtl,mes,Norm,Norm,1Fam,1Story,8,5,1973,1950,Gable,CompShg,HdBoard,HdBoard,BrkFace,153.0,TA,TA,CBlock,Gd,Gd,No,GLQ,0,Unf,40,756,822,GasA,TA,Y,SBrkr,1096,0,0,1502,1,0,1,0,3,1,TA,5,Typ,0,,Attchd,1986.0,RFn,3,280,TA,TA,Y,125,150,0,0,0,0,,GdWo,,0,7,2009,WD,Normal,187750
904,20,RL,37.0,8800,Pave,,Reg,Lvl,AllPub,Inside,Gtl,mes,Norm,Norm,1Fam,1Story,6,7,2001,1967,Gable,CompShg,MetalSd,MetalSd,,72.0,TA,Gd,CBlock,TA,Fa,No,Unf,222,LwQ,0,169,1262,GasA,TA,Y,SBrkr,1466,0,0,1054,0,0,1,0,2,1,TA,5,Typ,0,,Attchd,2003.0,Unf,2,870,TA,TA,Y,0,0,0,0,0,0,,,,0,5,2009,WD,Normal,232000
666,85,RL,87.0,7200,Pave,,IR1,Lvl,AllPub,Inside,Gtl,Mitchel,Norm,Norm,1Fam,SFoyer,5,7,1987,2000,Hip,CompShg,VinylSd,VinylSd,,0.0,TA,Gd,CBlock,TA,TA,No,BLQ,0,Unf,0,284,2046,GasA,Ex,Y,SBrkr,1445,0,0,894,1,0,1,0,2,1,TA,5,Typ,0,,Detchd,1973.0,Unf,1,299,TA,Gd,Y,0,0,0,0,0,0,,,,0,4,2007,WD,Normal,200000
130,20,RL,54.0,17755,Pave,,Reg,Lvl,AllPub,Corner,Gtl,CollgCr,Norm,Norm,1Fam,1Story,5,5,1967,2002,Gable,CompShg,VinylSd,VinylSd,Stone,60.0,Gd,TA,PConc,TA,TA,Mn,BLQ,0,Unf,0,2046,1092,GasA,Ex,Y,SBrkr,756,0,0,1200,1,0,2,0,3,1,Gd,7,Typ,1,TA,Attchd,2001.0,RFn,1,678,TA,TA,Y,0,0,0,0,0,0,,,,0,7,2007,WD,Normal,231500
758,20,RL,60.0,10320,Pave,,IR1,Lvl,AllPub,Inside,Gtl,Gilbert,Norm,Norm,1Fam,1Story,5,5,1957,2007,Hip,CompShg,VinylSd,VinylSd,,0.0,Gd,TA,PConc,Gd,TA,Av,ALQ,643,Unf,0,305,1293,GasA,Ex,Y,SBrkr,1020,0,0,1466,1,0,2,0,3,1,Gd,6,Typ,0,,Detchd,1987.0,Unf,1,504,TA,TA,Y,257,0,0,0,0,0,,,,0,8,2007,New,Partial,254900
1389,20,RL,65.0,10800,Pave,,IR1,Lvl,AllPub,Inside,Gtl,NridgHt,Norm,Norm,1Fam,1Story,9,5,2002,2004,Gable,CompShg,VinylSd,VinylSd,BrkFace,0.0,Gd,TA,PConc,Gd,TA,Av,GLQ,0,Unf,0,36,1657,GasA,Ex,Y,SBrkr,1262,0,0,1524,0,0,2,0,3,1,Gd,7,Typ,1,Gd,Detchd,1997.0,Unf,2,672,TA,TA,Y,0,45,0,0,0,0,,,,0,10,2009,WD,Normal,230500
227,30,RM,64.0,9760,Pave,Grvl,IR1,Lvl,AllPub,Inside,Gtl,OldTown,Artery,Norm,1Fam,1Story,7,6,2007,1950,Gable,CompShg,WdShing,Wd Shng,,215.0,TA,TA,CBlock,Gd,TA,Av,Unf,686,Unf,0,1293,1107,GasA,Gd,Y,SBrkr,2046,0,0,1469,1,0,1,0,2,1,TA,5,Typ,1,Gd,Attchd,1967.0,Fin,3,514,TA,TA,Y,0,22,0,0,0,0,,,,0,3,2010,WD,Normal,145000
645,80,RL,54.0,9600,Pave,,Reg,Lvl,AllPub,Inside,Gtl,mes,Norm,Norm,1Fam,SLvl,8,7,2003,1991,Gable,CompShg,HdBoard,HdBoard,BrkFace,0.0,TA,TA,CBlock,Gd,TA,No,GLQ,0,Unf,0,315,1470,GasA,Ex,Y,FuseA,1092,0,0,1851,0,1,2,0,3,1,Gd,7,Min1,0,,Attchd,1968.0,Fin,2,308,TA,TA,Y,0,0,0,0,0,0,,MnPrv,,0,10,2007,CWD,Normal,215000
616,20,RL,90.0,7200,Pave,,Reg,Lvl,AllPub,Inside,Gtl,Timber,Norm,Norm,1Fam,1Story,5,5,1927,1965,Hip,CompShg,BrkFace,BrkFace,,0.0,TA,TA,CBlock,TA,TA,No,Unf,0,Unf,580,216,991,GasW,TA,Y,SBrkr,1301,0,0,1262,0,0,2,0,3,1,TA,8,Typ,2,Gd,Attchd,1987.0,RFn,3,440,TA,TA,Y,333,0,130,0,0,0,,,,0,6,2009,WD,Normal,160000
1152,20,RL,73.0,11844,Pave,,Reg,Lvl,AllPub,Inside,Gtl,Mitchel,Norm,Norm,1Fam,1Story,6,5,1964,2006,Hip,CompShg,VinylSd,VinylSd,,108.0,TA,TA,PConc,Gd,TA,Gd,LwQ,980,ALQ,0,310,1406,GasA,Ex,Y,SBrkr,1668,0,0,2046,0,0,1,0,3,1,TA,6,Typ,0,,Detchd,2002.0,Unf,2,484,TA,TA,Y,0,0,0,0,0,0,,,,0,7,2006,WD,Abnorml,142500
654,20,RL,85.0,8250,Pave,,IR1,Lvl,AllPub,Inside,Gtl,mes,Norm,Norm,1Fam,1Story,7,5,1965,1961,Gable,CompShg,WdShing,Wd Shng,BrkCmn,0.0,TA,TA,CBlock,Gd,TA,Gd,ALQ,0,Rec,374,600,1482,GasA,TA,Y,SBrkr,1107,0,0,1092,1,0,1,1,3,1,TA,6,Typ,1,TA,Attchd,2007.0,RFn,1,484,TA,TA,Y,0,0,0,0,0,0,,,,0,6,2008,COD,Normal,135000
993,70,RL,56.0,7200,Pave,,Reg,Lvl,AllPub,Inside,Gtl,Crawfor,Norm,Norm,1Fam,2Story,5,5,2006,1950,Gable,CompShg,Wd Sdng,Wd Sdng,,0.0,TA,TA,BrkTil,Gd,TA,No,Unf,432,Unf,0,769,1088,GasA,Gd,Y,SBrkr,1022,0,0,1301,0,0,1,1,4,1,TA,9,Typ,0,,Attchd,2003.0,RFn,2,420,TA,TA,N,203,56,0,0,0,0,,,,0,7,2006,WD,Normal,135000
679,20,RL,85.0,10635,Pave,,Reg,Bnk,AllPub,Inside,Mod,Edwards,Norm,Norm,1Fam,1Story,6,5,1961,1954,Gable,CompShg,MetalSd,MetalSd,,491.0,TA,TA,CBlock,TA,TA,No,ALQ,1059,Rec,0,1406,1141,GasA,Ex,Y,SBrkr,991,0,0,1668,0,0,1,0,3,1,TA,5,Typ,0,,Attchd,1927.0,Unf,2,551,TA,TA,Y,0,20,0,0,0,0,,,,0,5,2007,WD,Abnorml,275000
210,60,FV,90.0,10382,Pave,,Reg,Lvl,AllPub,Inside,Gtl,Somerst,Norm,Norm,1Fam,2Story,5,5,1954,2009,Gable,CompShg,VinylSd,VinylSd,,0.0,TA,TA,PConc,Gd,TA,Mn,Unf,0,Unf,0,304,980,GasA,Ex,Y,SBrkr,1454,0,0,2090,1,0,2,1,3,1,Gd,7,Typ,1,TA,Detchd,1964.0,Unf,1,440,Fa,Fa,Y,168,40,0,0,0,0,,,,0,7,2009,New,Partial,176000
382,20,RL,80.0,7200,Pave,,IR1,Low,AllPub,CulDSac,Mod,ClearCr,Norm,Norm,1Fam,1Story,7,6,2009,1994,Gable,Tar&Grv,Plywood,Plywood,,0.0,TA,TA,CBlock,TA,TA,No,LwQ,0,Unf,0,445,1112,GasA,Ex,Y,SBrkr,1324,0,0,1947,1,0,1,0,2,1,Gd,6,Min1,2,Gd,Detchd,1965.0,Unf,2,288,TA,TA,Y,224,0,0,0,0,0,,,,0,3,2008,WD,Normal,100000
1370,75,RM,96.0,12552,Pave,,Reg,Lvl,AllPub,Inside,Gtl,IDOTRR,Norm,Norm,1Fam,2.5Unf,5,7,1954,1996,Gable,CompShg,MetalSd,MetalSd,,0.0,TA,TA,BrkTil,Gd,TA,No,GLQ,270,Unf,0,1141,892,GasA,TA,N,SBrkr,980,0,0,1936,0,0,1,0,3,1,Fa,6,Typ,0,,Attchd,1961.0,RFn,2,624,TA,TA,N,0,0,0,0,0,0,,,,0,3,2007,WD,Normal,285000
8,30,RL,68.0,11194,Pave,,Reg,Lvl,AllPub,Inside,Gtl,Edwards,Norm,Norm,1Fam,1Story,5,6,1920,1950,Gable,CompShg,Stucco,Stucco,,0.0,TA,TA,CBlock,Gd,TA,Gd,BLQ,0,Unf,0,162,992,GasA,TA,N,FuseA,1137,0,0,1324,1,0,1,0,2,1,TA,5,Typ,0,,Attchd,1999.0,Fin,2,702,TA,TA,Y,0,0,0,0,0,0,,,,0,4,2008,WD,Normal,284000
159,20,RL,72.0,10625,Pave,,Reg,Lvl,AllPub,Inside,Gtl,NridgHt,PosN,PosN,1Fam,1Story,10,5,1925,2008,Hip,CompShg,CemntBd,CmentBd,BrkFace,0.0,Ex,TA,PConc,TA,Fa,No,Unf,288,Unf,0,92,768,GasA,Ex,Y,SBrkr,1306,0,0,1137,1,0,2,0,2,1,Ex,7,Typ,1,Gd,Detchd,2009.0,Unf,1,360,TA,TA,Y,188,45,144,0,0,0,,,,0,6,2008,New,Partial,115000
666,90,RL,60.0,8658,Pave,,Reg,Lvl,AllPub,Inside,Gtl,Mitchel,Norm,Norm,Duplex,1.5Fin,5,5,2007,1977,Gable,CompShg,Plywood,Plywood,,0.0,TA,TA,CBlock,TA,TA,No,Rec,0,Unf,0,460,1626,GasA,TA,Y,SBrkr,1668,0,0,892,0,0,2,0,4,2,Gd,8,Typ,0,,Attchd,1954.0,Fin,3,309,TA,TA,Y,0,0,0,0,0,0,,,,0,8,2009,COD,Normal,158000
41,20,RL,67.0,13811,Pave,,Reg,Lvl,AllPub,Inside,Gtl,Mitchel,Norm,Norm,1Fam,1Story,5,6,1977,1968,Gable,CompShg,HdBoard,HdBoard,,816.0,TA,TA,CBlock,Ex,TA,Av,GLQ,0,Unf,0,132,1008,GasA,TA,Y,SBrkr,1028,0,0,1306,1,0,1,0,3,1,TA,5,Typ,0,,Attchd,2007.0,Unf,2,504,TA,TA,Y,33,0,0,0,0,0,,GdWo,Shed,600,11,2009,WD,Normal,163000
696,60,RL,114.0,7150,Pave,,Reg,Lvl,AllPub,Corner,Gtl,mes,Artery,Norm,1Fam,2Story,6,6,1968,1978,Gable,CompShg,VinylSd,VinylSd,BrkCmn,0.0,TA,TA,CBlock,TA,TA,No,BLQ,1636,Unf,0,567,1302,GasA,TA,Y,SBrkr,1362,0,0,1668,0,1,1,1,4,1,TA,9,Typ,1,TA,Attchd,1977.0,RFn,1,288,TA,TA,Y,0,52,0,0,0,0,,GdPrv,,0,6,2007,WD,Normal,110000
885,20,RL,75.0,11248,Pave,,Reg,Lvl,AllPub,Inside,Gtl,NridgHt,Norm,Norm,1Fam,1Story,8,5,1964,2009,Hip,CompShg,VinylSd,VinylSd,BrkFace,0.0,Ex,TA,PConc,TA,TA,No,Rec,0,Unf,0,1008,1362,GasA,Ex,Y,SBrkr,892,0,0,1028,0,0,2,1,3,1,Ex,8,Typ,1,Gd,Attchd,1968.0,RFn,2,1220,TA,TA,Y,0,90,0,0,0,0,,,,0,8,2009,New,Partial,256000
684,20,RL,62.0,8960,Pave,,IR1,Lvl,AllPub,Inside,Gtl,Crawfor,Norm,Norm,1Fam,1Story,6,5,2008,1969,Gable,CompShg,Plywood,Plywood,BrkFace,272.0,Gd,Gd,CBlock,Ex,TA,No,Unf,510,Unf,0,452,894,GasA,Gd,Y,SBrkr,894,0,0,1302,1,0,2,0,3,1,Gd,7,Typ,1,TA,Attchd,1964.0,RFn,3,288,TA,TA,Y,0,73,0,0,0,0,,,,0,12,2006,WD,Normal,385000
414,190,RM,100.0,9350,Pave,,Reg,Lvl,AllPub,Inside,Gtl,OldTown,Norm,Norm,2fmCon,2Story,4,6,1969,1950,Gable,CompShg,VinylSd,AsbShng,,306.0,TA,TA,PConc,TA,TA,Av,Rec,442,Unf,0,700,1364,GasA,Gd,Y,SBrkr,864,0,0,1362,0,0,2,0,4,2,TA,11,Typ,0,,Attchd,2009.0,RFn,2,540,TA,TA,N,0,0,216,0,0,0,,,,0,4,2010,WD,Normal,130000
254,20,RL,98.0,10197,Pave,,Reg,Lvl,AllPub,Inside,Gtl,SawyerW,Norm,Norm,1Fam,1Story,6,5,1885,1998,Gable,CompShg,HdBoard,HdBoard,BrkFace,0.0,TA,TA,PConc,TA,TA,No,Unf,0,Unf,0,442,864,GasA,Ex,Y,SBrkr,2084,850,0,894,1,0,2,0,3,1,Gd,7,Typ,1,Fa,Detchd,1969.0,Unf,2,1390,TA,TA,Y,224,42,0,0,0,0,,,,0,10,2008,WD,Normal,165000
174,30,RL,60.0,7200,Pave,,Reg,Lvl,AllPub,Corner,Gtl,BrkSide,Feedr,Norm,1Fam,1Story,4,5,1994,1950,Gable,CompShg,WdShing,Wd Shng,,258.0,TA,TA,CBlock,Gd,TA,No,GLQ,0,Unf,0,0,2078,GasA,TA,Y,FuseA,1302,0,0,864,0,0,1,0,2,1,TA,4,Typ,2,TA,Attchd,1971.0,RFn,2,540,TA,TA,Y,0,0,0,0,0,0,,GdWo,,0,4,2006,WD,Abnorml,253293
826,20,RL,65.0,14803,Pave,,Reg,Lvl,AllPub,Inside,Gtl,Edwards,Feedr,Norm,1Fam,1Story,4,5,1941,2003,Gable,CompShg,VinylSd,VinylSd,,0.0,TA,TA,CBlock,TA,TA,No,Rec,1138,Unf,0,354,864,GasA,Ex,Y,SBrkr,874,0,0,2084,0,0,2,0,2,1,Gd,5,Typ,0,,Detchd,1994.0,Fin,2,575,TA,TA,N,0,96,0,0,0,0,,MnPrv,,0,5,2009,WD,Normal,193500
1253,60,RL,67.0,9858,Pave,,Reg,Lvl,AllPub,Inside,Gtl,Gilbert,Norm,Norm,1Fam,2Story,7,5,1949,1999,Gable,CompShg,VinylSd,VinylSd,,0.0,TA,TA,PConc,TA,TA,No,Unf,0,Unf,0,374,816,GasA,Gd,Y,SBrkr,1127,0,0,874,0,0,2,1,3,1,Gd,7,Typ,1,TA,Attchd,2002.0,Fin,2,520,TA,TA,Y,140,60,0,0,0,0,,,,0,6,2010,WD,Normal,100000
1053,60,RL,60.0,9500,Pave,,IR1,Lvl,AllPub,CulDSac,Gtl,mes,Norm,Norm,1Fam,2Story,7,9,1999,2004,Gable,CompShg,HdBoard,HdBoard,BrkFace,0.0,TA,TA,CBlock,TA,TA,No,ALQ,0,Unf,0,2042,2042,GasA,Gd,Y,SBrkr,2042,0,0,1977,1,0,1,1,4,1,Gd,7,Typ,0,,Attchd,1999.0,Fin,2,442,TA,TA,Y,0,32,0,0,0,0,,,,0,6,2007,WD,Normal,108000
582,60,FV,65.0,12704,Pave,,Reg,Lvl,AllPub,Inside,Gtl,Somerst,Norm,Norm,1Fam,2Story,7,5,2006,2006,Gable,CompShg,VinylSd,VinylSd,,0.0,Gd,TA,PConc,Gd,Gd,No,Unf,626,Unf,0,270,777,GasA,Ex,Y,SBrkr,1679,0,0,2042,0,0,2,1,3,1,Gd,6,Typ,0,,Attchd,2006.0,RFn,2,484,TA,TA,Y,0,50,0,0,0,0,,,,0,8,2006,New,Partial,184000
668,60,RL,98.0,8125,Pave,,IR1,Lvl,AllPub,Corner,Gtl,NoRidge,Norm,Norm,1Fam,2Story,8,5,1998,1999,Hip,CompShg,VinylSd,VinylSd,BrkFace,975.0,Gd,TA,PConc,Gd,TA,No,GLQ,0,Unf,0,0,1408,GasA,Ex,Y,SBrkr,1028,1336,0,1679,1,0,2,1,4,1,Gd,8,Typ,1,TA,Attchd,1998.0,Fin,3,676,TA,TA,Y,250,0,0,0,0,0,,,,0,7,2009,WD,Normal,197000
982,190,RL,75.0,12203,Pave,,Reg,Lvl,AllPub,Inside,Gtl,Sawyer,Norm,Norm,2fmCon,1Story,5,4,1965,1965,Hip,CompShg,Plywood,HdBoard,,0.0,TA,TA,PConc,TA,TA,Mn,BLQ,854,Unf,0,371,1225,GasA,Ex,Y,SBrkr,1276,0,0,2612,1,0,1,1,3,1,TA,6,Typ,0,,Attchd,1965.0,Unf,2,504,TA,TA,Y,0,0,0,0,0,0,,,,0,4,2010,WD,Normal,336000
